Trip_ID,Driver_ID,Vehicle_ID,Trip_Date,Start_Time,End_Time,Duration_Min,Distance_KM,Avg_Speed_kmph,Max_Speed_kmph,Start_Latitude,Start_Longitude,End_Latitude,End_Longitude,minutes,moving_minutes,overspeed_minutes,severe_overspeed_minutes,harsh_horiz_minutes,yaw_minutes,z_bump_minutes,mean_horiz_g,p95_speed,cruise_vib,cruise_minutes,cruise_vib_mean,cruise_gyro_mean,overspeed_per_100km,harsh_horiz_per_100km,yaw_per_100km,z_bump_per_100km,severe_overspeed_per_100km,overspeed_share
T00001,D01,V01,2026-08-04,11:08:00,11:24:00,16,9.34,28.7,39.4,12.991693,77.559009,13.011179,77.6074,16,16,0,0,2,1,1,0.135420237676282,38.275,,13,0.054649813066087044,2.760923758454768,0.0,21.413276231263385,10.706638115631693,10.706638115631693,0.0,0.0
T00002,D01,V01,2026-08-02,20:38:00,21:00:00,22,5.0,28.5,54.4,13.00079,77.560607,13.038001,77.563879,22,19,3,1,0,1,1,0.06924402445769572,46.495,,13,0.02799049248230346,3.1671280365656203,60.0,0.0,20.0,20.0,20.0,0.15789473684210525
T00003,D01,V01,2026-07-31,21:11:00,21:38:00,27,7.25,16.9,32.7,12.983049,77.554049,12.949627,77.52124,27,24,0,0,4,1,4,0.15864587233999553,29.43,,17,0.05814924957843282,3.442165016381405,0.0,55.172413793103445,13.793103448275861,55.172413793103445,0.0,0.0
T00004,D01,V01,2026-07-31,17:36:00,18:18:00,42,9.27,23.9,40.4,12.974957,77.549494,12.987157,77.479689,42,42,0,0,1,5,3,0.12355437346810079,32.595,,38,0.04393715367315792,3.507206230850753,0.0,10.787486515641856,53.937432578209275,32.36245954692557,0.0,0.0
T00005,D01,V01,2026-08-01,17:06:00,17:19:00,13,7.74,28.7,42.5,12.997466,77.547647,12.997395,77.504517,13,13,1,0,1,1,3,0.15552032817193429,42.32,,8,0.07633233363473216,3.3004958817565493,12.919896640826872,12.919896640826872,12.919896640826872,38.75968992248062,0.0,0.07692307692307693
T00006,D01,V01,2026-08-05,10:35:00,10:54:00,19,11.26,21.7,33.4,12.997977,77.551773,13.068164,77.57159,19,18,0,0,3,1,1,0.17093434716980435,31.599999999999994,,14,0.060645735350652326,3.7527381649502054,0.0,26.642984014209592,8.880994671403197,8.880994671403197,0.0,0.0
T00007,D01,V01,2026-08-03,11:32:00,11:47:00,15,6.2,20.0,38.2,12.992633,77.564429,13.022862,77.538041,15,14,0,0,1,0,1,0.12766072464594702,31.059999999999988,,12,0.04930522252238265,3.1769687936121236,0.0,16.129032258064516,0.0,16.129032258064516,0.0,0.0
T00008,D01,V01,2026-08-04,15:03:00,15:44:00,41,14.97,25.3,41.7,12.980346,77.556282,12.921142,77.64436,41,39,0,0,1,4,4,0.1053074491661899,38.1,,30,0.06599075303532206,3.2680728264626686,0.0,6.68002672010688,26.72010688042752,26.72010688042752,0.0,0.0
T00009,D01,V01,2026-08-06,12:00:00,12:31:00,31,17.09,23.8,42.3,12.999075,77.541607,13.028601,77.450753,31,30,0,0,6,1,5,0.19521661468012652,41.75,,19,0.10756108009667224,2.786054557972618,0.0,35.108250438853126,5.851375073142188,29.256875365710943,0.0,0.0
T00010,D01,V01,2026-08-05,10:32:00,11:05:00,33,16.27,30.6,47.5,12.996834,77.568587,13.017821,77.682427,33,32,3,0,0,1,3,0.08883479777077466,46.32,,19,0.03246773845841766,3.1781913095344025,18.43884449907806,0.0,6.146281499692686,18.43884449907806,0.0,0.09375
T00011,D01,V01,2026-08-03,06:16:00,06:57:00,41,23.39,22.8,33.9,13.00117,77.560708,13.161872,77.558504,41,41,0,0,3,1,3,0.12101386762515332,32.5,,37,0.04969534674632267,3.2176699644307836,0.0,12.825994014536127,4.275331338178709,12.825994014536127,0.0,0.0
T00012,D01,V01,2026-08-05,12:12:00,12:41:00,29,11.69,32.1,45.8,12.993387,77.568616,13.044252,77.626447,29,28,4,0,1,0,4,0.091545699279596,44.32,,10,0.0368237252831348,2.4302419763200827,34.217279726261765,8.554319931565441,0.0,34.217279726261765,0.0,0.14285714285714285
T00013,D01,V01,2026-08-01,18:52:00,19:29:00,37,14.92,28.1,47.0,12.996354,77.56434,12.916501,77.634517,37,35,2,0,1,3,4,0.11286008224444385,41.43999999999999,,23,0.049556842601625004,3.2797560884919474,13.404825737265416,6.702412868632708,20.10723860589812,26.80965147453083,0.0,0.05714285714285714
T00014,D01,V01,2026-08-05,11:27:00,11:51:00,24,16.29,29.5,45.0,12.983048,77.560273,12.893771,77.525901,24,22,1,0,1,4,2,0.11764851619697281,39.019999999999996,,15,0.04781643923172887,4.1851523269768816,6.138735420503377,6.138735420503377,24.554941682013506,12.277470841006753,0.0,0.045454545454545456
T00015,D01,V01,2026-08-01,07:31:00,08:08:00,37,14.69,19.9,47.2,12.987554,77.54997,12.935055,77.46639,37,32,1,0,2,3,1,0.11419956676230401,35.599999999999994,,22,0.03820780685038437,3.7944399506707596,6.8073519400953035,13.614703880190607,20.42205582028591,6.8073519400953035,0.0,0.03125
T00016,D02,V02,2026-08-02,17:34:00,17:48:00,14,6.21,23.1,44.7,12.911694,77.651834,12.923331,77.685931,14,10,2,0,0,0,4,0.1434401151025812,43.335,,7,0.23125210591474457,3.5709102481020163,32.2061191626409,0.0,0.0,64.4122383252818,0.0,0.2
T00017,D02,V02,2026-08-06,12:34:00,12:59:00,25,9.63,22.8,38.0,12.90325,77.648643,12.867285,77.701946,25,24,0,0,0,1,6,0.1333750179928786,37.54,,13,0.08018261107437916,3.864000517598309,0.0,0.0,10.384215991692626,62.30529595015576,0.0,0.0
T00018,D02,V02,2026-08-06,07:24:00,07:49:00,25,19.0,22.2,33.7,12.925859,77.64112,13.020884,77.699906,25,25,0,0,0,1,6,0.11593385111905842,31.98,,20,0.1101892552975358,2.8397722969977854,0.0,0.0,5.263157894736842,31.57894736842105,0.0,0.0
T00019,D02,V02,2026-08-01,16:47:00,17:07:00,20,6.61,16.9,31.5,12.911947,77.642966,12.913443,77.593752,20,16,0,0,0,0,5,0.11080989675666082,29.6,,12,0.05438086518336712,3.2034668868678784,0.0,0.0,0.0,75.642965204236,0.0,0.0
T00020,D02,V02,2026-08-05,07:47:00,08:30:00,43,9.39,21.7,44.1,12.912162,77.646102,12.911781,77.571979,43,39,1,0,1,0,12,0.12792851144193665,36.03,,30,0.14592817176571835,3.471473445875765,10.649627263045792,10.649627263045792,0.0,127.79552715654951,0.0,0.02564102564102564
T00021,D02,V02,2026-08-01,16:19:00,17:04:00,45,23.92,18.8,36.3,12.923982,77.628617,12.774728,77.67524,45,40,0,0,2,2,12,0.13367618468792378,33.17999999999999,,29,0.08819725463624828,3.627257917490842,0.0,8.361204013377927,8.361204013377927,50.16722408026756,0.0,0.0
T00022,D02,V02,2026-08-02,17:16:00,17:57:00,41,11.6,22.3,36.9,12.918688,77.642154,12.895615,77.731756,41,37,0,0,1,2,16,0.136145486649597,33.7,,33,0.09279533377228416,3.6016107507613864,0.0,8.620689655172415,17.24137931034483,137.93103448275863,0.0,0.0
T00023,D02,V02,2026-08-03,12:35:00,12:56:00,21,15.2,26.8,50.7,12.911893,77.64747,12.819021,77.665485,21,20,4,0,1,0,3,0.13474390860452598,46.8,,11,0.0544534157230286,2.6467149449836866,26.31578947368421,6.578947368421052,0.0,19.736842105263158,0.0,0.2
T00024,D02,V02,2026-08-04,06:16:00,06:51:00,35,16.23,27.5,50.5,12.916949,77.638204,13.007097,77.692563,35,32,3,0,1,1,8,0.12583003056809777,45.65,,23,0.07791243966528529,2.9205650138286594,18.484288354898336,6.161429451632778,6.161429451632778,49.29143561306223,0.0,0.09375
T00025,D02,V02,2026-08-05,11:15:00,11:32:00,17,7.73,19.6,31.9,12.917555,77.641103,12.919545,77.68289,17,16,0,0,2,1,5,0.1933167341537422,30.299999999999997,,12,0.08604132842009722,3.255587091642143,0.0,25.873221216041397,12.936610608020699,64.68305304010349,0.0,0.0
T00026,D02,V02,2026-08-02,15:03:00,15:16:00,13,11.49,28.1,41.9,12.923164,77.651588,12.959218,77.656964,13,13,0,0,1,0,4,0.11531144335095808,38.17999999999999,,10,0.06532366847277335,3.8107889219375375,0.0,8.703220191470844,0.0,34.81288076588338,0.0,0.0
T00027,D02,V02,2026-08-02,14:14:00,14:33:00,19,11.53,21.3,34.3,12.909107,77.644399,12.949772,77.673275,19,18,0,0,0,0,5,0.10130035859193756,34.21,,14,0.1410437276477598,3.1035545049947766,0.0,0.0,0.0,43.36513443191674,0.0,0.0
T00028,D02,V02,2026-08-06,20:34:00,20:52:00,18,9.1,29.3,50.9,12.914477,77.638661,12.919607,77.564016,18,17,2,0,1,1,7,0.1507984281264368,46.73499999999999,,12,0.0898220099422663,3.07368850252676,21.978021978021978,10.989010989010989,10.989010989010989,76.92307692307693,0.0,0.11764705882352941
T00029,D02,V02,2026-08-06,10:28:00,11:12:00,44,14.25,17.7,36.3,12.917178,77.644843,12.844217,77.581758,44,41,0,0,1,3,11,0.11523163564087455,30.695,,24,0.08021023032679615,2.9855769987551053,0.0,7.017543859649122,21.052631578947366,77.19298245614034,0.0,0.0
T00030,D02,V02,2026-08-04,12:22:00,12:44:00,22,10.41,22.1,35.1,12.906694,77.632706,12.943706,77.581729,22,22,0,0,1,2,5,0.1430949442560123,34.03,,18,0.12322981340125312,3.4390439524653402,0.0,9.606147934678194,19.21229586935639,48.03073967339097,0.0,0.0
T00031,D03,V03,2026-08-02,19:58:00,20:16:00,18,9.23,14.3,32.4,12.924827,77.608182,12.97527,77.624701,18,15,0,0,1,1,0,0.17996073223270956,29.339999999999996,,9,0.04636313791966626,3.5211503802024704,0.0,10.834236186348862,10.834236186348862,0.0,0.0,0.0
T00032,D03,V03,2026-07-31,21:35:00,22:13:00,38,16.21,13.3,35.6,12.924166,77.618245,13.026969,77.648359,38,28,0,0,5,2,0,0.17692617763424837,34.165,,15,0.06451154370596783,3.4901432635351806,0.0,30.84515731030228,12.338062924120912,0.0,0.0,0.0
T00033,D03,V03,2026-08-03,11:49:00,12:03:00,14,8.27,23.6,46.6,12.912888,77.624811,12.956101,77.630261,14,12,3,0,2,2,0,0.2478781698314933,45.56,,7,0.05175474755169783,3.971876130999052,36.27569528415962,24.18379685610641,24.18379685610641,0.0,0.0,0.25
T00034,D03,V03,2026-08-06,10:48:00,11:10:00,22,6.26,29.8,58.8,12.916392,77.613761,12.904704,77.572184,22,22,4,1,2,3,0,0.1439067821727645,50.66499999999999,,13,0.049433953232134585,3.3100151057057126,63.897763578274756,31.948881789137378,47.92332268370607,0.0,15.974440894568689,0.18181818181818182
T00035,D03,V03,2026-08-03,09:45:00,10:17:00,32,13.38,30.5,54.7,12.89927,77.622373,12.817121,77.598363,32,30,5,1,4,2,0,0.17127591631712938,47.315,,18,0.055226956905568406,3.2008963304869953,37.369207772795214,29.89536621823617,14.947683109118085,0.0,7.473841554559042,0.16666666666666666
T00036,D03,V03,2026-08-06,08:16:00,08:47:00,31,19.96,19.9,51.2,12.892579,77.61184,12.791769,77.543846,31,26,2,0,5,2,0,0.15804516743916516,44.849999999999994,,14,0.03706267796767797,3.0833225310267407,10.020040080160319,25.0501002004008,10.020040080160319,0.0,0.0,0.07692307692307693
T00037,D03,V03,2026-08-05,20:06:00,20:49:00,43,18.13,25.4,68.8,12.890759,77.611141,12.834184,77.513294,43,41,5,2,5,1,0,0.14528656286355415,47.73,,22,0.04325893325090205,3.5812675950622768,27.578599007170435,27.578599007170435,5.515719801434087,0.0,11.031439602868174,0.12195121951219512
T00038,D03,V03,2026-07-31,20:43:00,21:27:00,44,19.77,22.0,52.3,12.908639,77.6139,12.823519,77.50485,44,38,5,1,2,3,0,0.102364471372888,49.97,,19,0.036395838018106176,3.341975463704065,25.290844714213456,10.116337885685383,15.174506828528072,0.0,5.058168942842691,0.13157894736842105
T00039,D03,V03,2026-07-31,12:19:00,12:44:00,25,11.92,22.4,52.3,12.898327,77.618005,12.900388,77.549018,25,21,1,1,1,2,0,0.1206376267850785,41.05999999999999,,16,0.03968774281520791,3.94468277041711,8.389261744966444,8.389261744966444,16.778523489932887,0.0,8.389261744966444,0.047619047619047616
T00040,D03,V03,2026-08-06,17:50:00,18:21:00,31,13.65,21.8,49.9,12.905694,77.607486,12.804134,77.580432,31,26,3,0,5,3,0,0.1889433728723852,48.4,,14,0.06956151759583663,3.4166355591207367,21.978021978021978,36.63003663003663,21.978021978021978,0.0,0.0,0.11538461538461539
T00041,D03,V03,2026-08-03,21:29:00,22:04:00,35,12.38,27.4,60.1,12.910528,77.606494,12.946965,77.661748,35,32,3,1,4,0,1,0.14083456491213275,44.83999999999998,,20,0.04602253823468926,2.63602085996781,24.232633279483036,32.31017770597738,0.0,8.077544426494345,8.077544426494345,0.09375
T00042,D03,V03,2026-08-04,16:40:00,17:20:00,40,7.88,21.5,53.4,12.903092,77.624516,12.934963,77.594091,40,35,2,1,4,1,0,0.13486553423515915,41.24499999999997,,18,0.054508502967611804,2.658070345155056,25.380710659898476,50.76142131979695,12.690355329949238,0.0,12.690355329949238,0.05714285714285714
T00043,D03,V03,2026-08-01,14:56:00,15:35:00,39,20.88,16.4,47.1,12.909805,77.632485,13.037055,77.670478,39,31,1,0,2,1,0,0.14059545415722216,37.49,,17,0.03477372949042204,3.479152195578687,4.789272030651341,9.578544061302683,4.789272030651341,0.0,0.0,0.03225806451612903
T00044,D03,V03,2026-08-06,10:03:00,10:30:00,27,9.3,32.4,59.1,12.913492,77.624873,12.938671,77.679631,27,27,5,2,5,3,1,0.20777182941131736,54.17999999999999,,14,0.05063623513233131,2.9389561828604114,53.76344086021505,53.76344086021505,32.25806451612903,10.75268817204301,21.50537634408602,0.18518518518518517
T00045,D03,V03,2026-08-05,10:59:00,11:42:00,43,13.14,22.1,55.4,12.916333,77.614986,12.941544,77.519671,43,35,3,1,2,5,0,0.14295497620229092,49.58999999999998,,23,0.0383954022174019,3.4296501279285034,22.831050228310502,15.220700152207002,38.051750380517504,0.0,7.610350076103501,0.08571428571428572
T00046,D04,V04,2026-08-05,14:05:00,14:50:00,45,18.81,28.0,48.1,12.901007,77.648588,12.831105,77.595136,45,43,3,0,2,1,0,0.09139863845739288,42.58,,35,0.03009751480788787,3.15539221016976,15.94896331738437,10.63264221158958,5.31632110579479,0.0,0.0,0.06976744186046512
T00047,D04,V04,2026-08-05,09:56:00,10:29:00,33,15.2,32.4,50.7,12.916277,77.634406,12.869649,77.531312,33,31,3,0,1,1,0,0.07482413835119356,46.16,,17,0.03148919252844322,2.1493254755853055,19.736842105263158,6.578947368421052,6.578947368421052,0.0,0.0,0.0967741935483871
T00048,D04,V04,2026-08-05,18:43:00,19:15:00,32,16.54,23.9,42.9,12.91798,77.649215,12.814652,77.669822,32,31,1,0,2,1,0,0.09928522420176178,34.56,,27,0.03694689792666227,3.271421709287875,6.045949214026603,12.091898428053206,6.045949214026603,0.0,0.0,0.03225806451612903
T00049,D04,V04,2026-08-02,19:44:00,20:16:00,32,10.78,29.8,51.6,12.916233,77.638744,12.90239,77.718135,32,31,4,0,2,3,0,0.12609274416571903,45.29,,19,0.04700820803179977,3.1458862026462433,37.10575139146568,18.55287569573284,27.82931354359926,0.0,0.0,0.12903225806451613
T00050,D04,V04,2026-07-31,19:02:00,19:40:00,38,10.83,22.3,37.6,12.919474,77.648825,12.976416,77.600956,38,37,0,0,1,0,0,0.09414725836299367,32.949999999999996,,32,0.03670642720014807,2.736107678573065,0.0,9.233610341643582,0.0,0.0,0.0,0.0
T00051,D04,V04,2026-08-01,12:16:00,12:54:00,38,12.83,15.3,29.1,12.914721,77.638116,12.911644,77.539791,38,32,0,0,1,2,2,0.0936100022548553,26.424999999999997,,21,0.049944578681654014,3.196576293474004,0.0,7.79423226812159,15.58846453624318,15.58846453624318,0.0,0.0
T00052,D04,V04,2026-08-03,10:19:00,10:40:00,21,7.47,18.6,34.8,12.914468,77.639157,12.942421,77.596725,21,19,0,0,1,3,0,0.11329463270460102,30.4,,14,0.03384709275508419,4.3025540096845605,0.0,13.386880856760374,40.16064257028113,0.0,0.0,0.0
T00053,D04,V04,2026-08-04,15:39:00,16:08:00,29,13.9,19.4,40.6,12.911909,77.648897,12.992169,77.651553,29,27,0,0,1,2,0,0.10791016149218544,34.08,,22,0.035861262867217775,2.9850385106352255,0.0,7.194244604316546,14.388489208633093,0.0,0.0,0.0
T00054,D04,V04,2026-08-01,09:29:00,10:09:00,40,17.54,29.7,50.6,12.918995,77.63258,12.807225,77.668889,40,37,3,0,0,4,0,0.09676499707535087,46.31999999999999,,23,0.02683734973810554,2.8241458885829536,17.103762827822123,0.0,22.80501710376283,0.0,0.0,0.08108108108108109
T00055,D04,V04,2026-08-02,14:00:00,14:28:00,28,13.16,28.1,48.8,12.908491,77.641335,12.956207,77.709868,28,26,3,0,1,2,0,0.11212858389254372,45.254999999999995,,17,0.038269487478791706,3.8289424127296563,22.796352583586625,7.598784194528875,15.19756838905775,0.0,0.0,0.11538461538461539
T00056,D04,V04,2026-08-04,14:47:00,15:14:00,27,11.73,16.0,32.5,12.916624,77.630694,12.969421,77.567078,27,25,0,0,0,2,0,0.0785766361828931,29.27,,14,0.027327035570934577,2.3203344215180883,0.0,0.0,17.050298380221655,0.0,0.0,0.0
T00057,D04,V04,2026-07-31,11:34:00,12:03:00,29,16.38,28.4,40.0,12.915647,77.645074,12.861201,77.558658,29,27,0,0,1,0,0,0.11749295686788297,38.86,,19,0.04310807366970387,3.401617262420921,0.0,6.1050061050061055,0.0,0.0,0.0,0.0
T00058,D04,V04,2026-08-02,07:43:00,08:03:00,20,9.66,25.4,43.6,12.920892,77.645038,12.888109,77.696147,20,19,1,0,1,2,1,0.10075429554843177,37.330000000000005,,14,0.032347827254879384,3.4325179307506897,10.351966873706003,10.351966873706003,20.703933747412005,10.351966873706003,0.0,0.05263157894736842
T00059,D04,V04,2026-08-03,17:10:00,17:42:00,32,18.54,26.9,36.5,12.903764,77.648834,12.804023,77.618057,32,30,0,0,1,3,0,0.08974173870743354,35.68,,27,0.03366191381544938,4.097316194779212,0.0,5.393743257820928,16.181229773462785,0.0,0.0,0.0
T00060,D04,V04,2026-07-31,19:45:00,20:16:00,31,9.64,20.2,45.7,12.92462,77.639536,12.879808,77.599324,31,27,1,0,0,2,0,0.07422945662125573,33.9,,20,0.025508025349348845,3.2147214227115963,10.373443983402488,0.0,20.746887966804977,0.0,0.0,0.037037037037037035
T00061,D05,V05,2026-08-05,12:32:00,13:14:00,42,19.04,33.1,47.8,12.984144,77.557374,12.915988,77.666649,42,41,1,0,0,1,1,0.07737452527187454,39.2,,28,0.025028747450466828,2.52068874433858,5.2521008403361344,0.0,5.2521008403361344,5.2521008403361344,0.0,0.024390243902439025
T00062,D05,V05,2026-08-04,14:07:00,14:48:00,41,33.4,23.4,34.1,12.991789,77.537085,12.991341,77.342497,41,41,0,0,0,2,0,0.0733815439063141,30.0,,40,0.03562794793663402,3.012158030810266,0.0,0.0,5.9880239520958085,0.0,0.0,0.0
T00063,D05,V05,2026-08-01,14:13:00,14:58:00,45,28.5,18.7,30.0,12.97516,77.565401,12.792549,77.555381,45,42,0,0,0,1,0,0.07574512890251896,27.38,,38,0.029184110221347762,3.1158595391347452,0.0,0.0,3.508771929824561,0.0,0.0,0.0
T00064,D05,V05,2026-08-01,15:34:00,16:00:00,26,17.15,31.7,42.0,12.993866,77.562069,13.073685,77.624457,26,26,0,0,3,2,1,0.13250558679410265,38.75,,20,0.04789720169844166,2.7171403936074814,0.0,17.49271137026239,11.661807580174928,5.830903790087464,0.0,0.0
T00065,D05,V05,2026-08-04,17:30:00,18:14:00,44,15.93,26.5,37.5,12.989941,77.554711,12.896849,77.611197,44,41,0,0,0,2,1,0.07147643822927885,35.585,,34,0.022492417642128573,3.200727201162038,0.0,0.0,12.554927809165099,6.277463904582549,0.0,0.0
T00066,D05,V05,2026-08-06,14:14:00,14:36:00,22,14.07,22.1,30.8,12.986686,77.550906,12.984215,77.648928,22,21,0,0,0,0,0,0.06221424372156937,29.97,,19,0.028424196392087035,2.962296406506277,0.0,0.0,0.0,0.0,0.0,0.0
T00067,D05,V05,2026-08-05,12:38:00,13:19:00,41,12.07,24.1,33.0,12.983506,77.562731,12.990538,77.647425,41,37,0,0,1,1,0,0.09392775268497688,31.6,,37,0.035810583069511355,3.5577942604934307,0.0,8.285004142502071,8.285004142502071,0.0,0.0,0.0
T00068,D05,V05,2026-08-01,10:14:00,10:41:00,27,9.12,23.8,34.5,12.989916,77.555536,12.946948,77.518915,27,24,0,0,0,1,0,0.06775882726883695,33.22,,23,0.02479935474318605,2.8017316074170986,0.0,0.0,10.964912280701755,0.0,0.0,0.0
T00069,D05,V05,2026-08-02,10:27:00,10:54:00,27,19.08,19.2,24.7,12.997166,77.565687,13.090741,77.623785,27,27,0,0,0,0,1,0.059053789863413926,24.27,,24,0.05623254376872957,2.85234013139026,0.0,0.0,0.0,5.241090146750524,0.0,0.0
T00070,D05,V05,2026-08-05,10:07:00,10:46:00,39,19.7,20.5,29.7,13.002779,77.562167,13.108974,77.461605,39,36,0,0,0,2,2,0.0729345227548617,27.32,,35,0.06516897336937329,4.014648178857022,0.0,0.0,10.152284263959391,10.152284263959391,0.0,0.0
T00071,D05,V05,2026-08-01,09:34:00,10:01:00,27,10.77,18.4,25.2,12.997429,77.550276,13.017768,77.488565,27,26,0,0,0,1,2,0.07448419276695092,24.63,,20,0.04970488679653448,2.7608798177685694,0.0,0.0,9.285051067780874,18.570102135561747,0.0,0.0
T00072,D05,V05,2026-08-03,14:34:00,15:00:00,26,19.89,17.9,25.7,12.975241,77.552537,12.942003,77.665367,26,26,0,0,0,1,1,0.07077251599015905,23.55,,18,0.051326987068580285,2.912874187187066,0.0,0.0,5.027652086475616,5.027652086475616,0.0,0.0
T00073,D05,V05,2026-08-04,10:36:00,10:58:00,22,13.51,19.3,25.9,12.982206,77.565233,12.994735,77.657399,22,22,0,0,0,1,0,0.0811480499755049,24.595000000000002,,19,0.03403203472083271,2.8392252464360768,0.0,0.0,7.401924500370097,0.0,0.0,0.0
T00074,D05,V05,2026-08-06,15:23:00,15:35:00,12,7.0,26.6,35.0,13.010099,77.554402,13.049137,77.546174,12,11,0,0,0,1,0,0.06709405113237295,33.68,,11,0.02485500600159818,3.2091431878306707,0.0,0.0,14.285714285714285,0.0,0.0,0.0
T00075,D05,V05,2026-08-05,13:50:00,14:31:00,41,19.37,20.0,30.2,13.003878,77.565291,13.086413,77.449866,41,38,0,0,0,1,1,0.07492682454589875,26.2,,37,0.03812420175350211,3.592937516851636,0.0,0.0,5.162622612287041,5.162622612287041,0.0,0.0
T00076,D06,V06,2026-08-04,19:27:00,19:46:00,19,9.64,21.8,52.7,12.842302,77.660492,12.797065,77.693597,19,15,1,1,2,2,0,0.1124732195134144,38.83999999999997,,10,0.037865149594676406,3.376165458423652,10.373443983402488,20.746887966804977,20.746887966804977,0.0,10.373443983402488,0.06666666666666667
T00077,D06,V06,2026-08-01,12:52:00,13:30:00,38,14.71,23.0,51.3,12.855131,77.665296,12.837175,77.760075,38,33,4,0,4,1,0,0.13011004321727837,44.50999999999999,,18,0.041032030184848224,2.718574445660302,27.192386131883072,27.192386131883072,6.798096532970768,0.0,0.0,0.12121212121212122
T00078,D06,V06,2026-08-05,08:36:00,09:06:00,30,16.2,28.4,70.0,12.847949,77.654515,12.760488,77.709523,30,28,3,3,3,1,0,0.13239113933338412,62.12499999999998,,13,0.05593440812177008,3.3582584772468005,18.51851851851852,18.51851851851852,6.17283950617284,0.0,18.51851851851852,0.10714285714285714
T00079,D06,V06,2026-08-03,21:52:00,22:08:00,16,10.56,26.1,58.1,12.841878,77.666515,12.888256,77.696051,16,14,2,1,2,1,0,0.15489600585828806,50.375,,11,0.06917990558180488,2.862953020920881,18.939393939393938,18.939393939393938,9.469696969696969,0.0,9.469696969696969,0.14285714285714285
T00080,D06,V06,2026-08-02,12:14:00,12:54:00,40,3.39,17.7,54.4,12.845772,77.661596,12.831244,77.673541,40,28,2,1,4,4,0,0.14671759895653408,38.09499999999998,,18,0.049913139593235484,2.913765274825929,58.99705014749262,117.99410029498524,117.99410029498524,0.0,29.49852507374631,0.07142857142857142
T00081,D06,V06,2026-07-31,20:44:00,21:20:00,36,12.28,25.7,58.3,12.854546,77.655246,12.852115,77.576725,36,30,6,2,3,2,0,0.1615348533941916,48.025,,17,0.04013066803441343,3.917065227948087,48.8599348534202,24.4299674267101,16.286644951140065,0.0,16.286644951140065,0.2
T00082,D06,V06,2026-08-04,11:07:00,11:50:00,43,13.82,24.9,55.3,12.843342,77.661513,12.915514,77.595901,43,37,5,1,5,4,0,0.15399588311692258,45.97,,19,0.050177775747208456,2.897913042173626,36.1794500723589,36.1794500723589,28.94356005788712,0.0,7.23589001447178,0.13513513513513514
T00083,D06,V06,2026-08-05,11:20:00,11:56:00,36,17.44,23.3,48.7,12.836062,77.655783,12.79763,77.780427,36,33,4,0,1,3,0,0.12262343257585741,45.7,,19,0.03416113541520028,3.833614482443429,22.93577981651376,5.73394495412844,17.201834862385322,0.0,0.0,0.12121212121212122
T00084,D06,V06,2026-08-06,21:37:00,22:17:00,40,10.42,24.3,48.2,12.836198,77.669301,12.884194,77.69862,40,35,3,0,1,0,2,0.12263198060812175,43.69,,21,0.0423845373509884,3.5461810444476747,28.79078694817658,9.596928982725528,0.0,19.193857965451055,0.0,0.08571428571428572
T00085,D06,V06,2026-08-03,07:11:00,07:31:00,20,11.43,25.4,49.3,12.847721,77.671209,12.884424,77.734127,20,18,1,0,0,3,0,0.11886687786856473,40.65500000000001,,12,0.028337056688419526,3.381962980195644,8.748906386701663,0.0,26.246719160104988,0.0,0.0,0.05555555555555555
T00086,D06,V06,2026-08-04,11:34:00,11:56:00,22,12.86,36.4,61.3,12.862148,77.654492,12.922864,77.58018,22,21,10,3,0,1,1,0.14318013140587496,57.59,,6,0.06787528323326204,2.9124023230844056,77.76049766718506,0.0,7.776049766718507,7.776049766718507,23.32814930015552,0.47619047619047616
T00087,D06,V06,2026-08-05,19:10:00,19:46:00,36,17.77,25.5,49.6,12.86741,77.655211,12.989774,77.626487,36,33,3,0,2,3,0,0.15000876205662034,46.175000000000004,,15,0.037122618556129625,3.459971098145185,16.882386043894204,11.254924029262803,16.882386043894204,0.0,0.0,0.09090909090909091
T00088,D06,V06,2026-08-01,07:10:00,07:52:00,42,18.52,27.9,73.6,12.842659,77.660384,12.89142,77.565536,42,35,8,2,5,3,0,0.19207843390810678,51.54999999999999,,15,0.08127747103497329,3.3780763756907572,43.196544276457885,26.997840172786177,16.19870410367171,0.0,10.799136069114471,0.22857142857142856
T00089,D06,V06,2026-08-06,07:53:00,08:31:00,38,17.55,35.8,63.4,12.844411,77.656227,12.951768,77.581461,38,35,15,6,4,1,1,0.16420558265269183,60.089999999999996,,11,0.050980069448796524,3.350104475982801,85.47008547008546,22.79202279202279,5.698005698005698,5.698005698005698,34.18803418803419,0.42857142857142855
T00090,D06,V06,2026-08-04,08:24:00,08:38:00,14,26.46,17.4,44.2,12.86065,77.65188,12.9099,77.688694,14,12,1,0,1,1,0,0.14287115521947266,37.96,,6,0.06966681674014115,2.9032764518460965,3.779289493575208,3.779289493575208,3.779289493575208,0.0,0.0,0.08333333333333333
T00091,D07,V07,2026-08-02,06:12:00,06:56:00,44,10.44,16.2,34.5,12.901074,77.627179,12.957798,77.569578,44,39,0,0,4,1,0,0.1327362708943476,30.965000000000003,,23,0.04765889338856362,3.0475892111634733,0.0,38.31417624521073,9.578544061302683,0.0,0.0,0.0
T00092,D07,V07,2026-08-05,11:21:00,12:02:00,41,16.75,30.9,44.8,12.899716,77.622209,13.007264,77.609265,41,40,2,0,2,3,1,0.1237625660666334,41.8,,27,0.05096377934004436,2.6212401645022916,11.940298507462686,11.940298507462686,17.91044776119403,5.970149253731343,0.0,0.05
T00093,D07,V07,2026-08-03,11:40:00,12:12:00,32,19.64,17.4,30.8,12.915181,77.623689,12.927377,77.760074,32,29,0,0,1,3,0,0.10888153827698079,28.75,,20,0.03223458592183142,2.876961018692043,0.0,5.091649694501018,15.274949083503053,0.0,0.0,0.0
T00094,D07,V07,2026-08-04,20:09:00,20:53:00,44,25.77,28.5,48.6,12.905751,77.603948,12.774824,77.516381,44,39,4,0,2,0,0,0.08761460964723017,42.785,,20,0.02561498161223117,3.238923389942061,15.521924718665115,7.760962359332558,0.0,0.0,0.0,0.10256410256410256
T00095,D07,V07,2026-07-31,06:56:00,07:38:00,42,19.42,18.1,32.4,12.917436,77.624152,13.045869,77.568591,42,40,0,0,5,3,1,0.141644606681311,28.995,,28,0.04752782560997933,3.050374755136273,0.0,25.74665293511843,15.447991761071059,5.1493305870236865,0.0,0.0
T00096,D07,V07,2026-08-01,12:56:00,13:12:00,16,6.28,31.3,43.8,12.895326,77.611009,12.876406,77.57572,16,15,1,0,0,0,0,0.054223772424214625,41.025,,11,0.02319608066867982,2.7994463738389417,15.92356687898089,0.0,0.0,0.0,0.0,0.06666666666666667
T00097,D07,V07,2026-08-04,19:41:00,19:57:00,16,9.24,22.0,33.5,12.913118,77.614918,12.953989,77.57248,16,15,0,0,0,1,0,0.08318626454356096,31.25,,14,0.025352792363248815,3.7793274793527907,0.0,0.0,10.822510822510822,0.0,0.0,0.0
T00098,D07,V07,2026-08-06,06:54:00,07:25:00,31,9.44,27.6,39.9,12.914493,77.617114,12.912236,77.544034,31,30,0,0,0,2,0,0.07720132765855983,38.6,,23,0.025670630166770726,2.9301877072979474,0.0,0.0,21.186440677966104,0.0,0.0,0.0
T00099,D07,V07,2026-07-31,19:53:00,20:11:00,18,10.56,33.7,47.6,12.905674,77.607258,12.872106,77.554476,18,18,3,0,1,0,0,0.10950277639803416,47.089999999999996,,9,0.03384506421852829,2.7001666615229514,28.409090909090907,9.469696969696969,0.0,0.0,0.0,0.16666666666666666
T00100,D07,V07,2026-08-05,20:47:00,21:29:00,42,12.41,28.4,45.7,12.900148,77.618319,12.816045,77.614996,42,39,1,0,1,1,0,0.08749499056354264,40.394999999999996,,19,0.025378817983431307,2.7431004356384765,8.058017727639001,8.058017727639001,8.058017727639001,0.0,0.0,0.02564102564102564
T00101,D07,V07,2026-08-04,20:09:00,20:34:00,25,14.96,27.1,44.1,12.90574,77.608754,12.960935,77.514644,25,23,1,0,0,1,0,0.08651133413387303,39.57999999999999,,16,0.029895028820000745,2.9752206938501766,6.684491978609625,0.0,6.684491978609625,0.0,0.0,0.043478260869565216
T00102,D07,V07,2026-08-02,09:03:00,09:23:00,20,11.13,28.5,54.4,12.912821,77.619055,12.906313,77.691861,20,16,3,1,0,0,0,0.07444772548547327,47.08500000000001,,8,0.02974834061734391,3.1571575675612804,26.954177897574123,0.0,0.0,0.0,8.984725965858042,0.1875
T00103,D07,V07,2026-08-01,21:57:00,22:33:00,36,23.1,30.2,47.4,12.905611,77.606489,12.867658,77.476654,36,35,5,0,1,1,0,0.0785088539412855,45.425,,24,0.03430261400862262,3.1836457514146863,21.645021645021643,4.329004329004329,4.329004329004329,0.0,0.0,0.14285714285714285
T00104,D07,V07,2026-08-05,13:12:00,13:28:00,16,11.59,22.0,34.0,12.912592,77.620884,12.947014,77.661605,16,15,0,0,0,1,1,0.07999010224830531,33.175,,12,0.02500324119890925,3.4253144050457727,0.0,0.0,8.628127696289905,8.628127696289905,0.0,0.0
T00105,D07,V07,2026-08-04,11:43:00,12:22:00,39,16.29,17.2,35.0,12.912863,77.62397,12.974639,77.701805,39,32,0,0,2,4,0,0.11317750180510672,28.65000000000001,,26,0.037231656785669115,3.1030791117915495,0.0,12.277470841006753,24.554941682013506,0.0,0.0,0.0
T00106,D08,V08,2026-08-01,10:37:00,11:14:00,37,10.51,26.5,46.3,12.930325,77.676112,12.910083,77.731446,37,35,1,0,3,1,0,0.13569693037184713,39.41999999999999,,29,0.035375582570996045,2.963393325227011,9.514747859181732,28.5442435775452,9.514747859181732,0.0,0.0,0.02857142857142857
T00107,D08,V08,2026-08-04,14:21:00,14:54:00,33,18.92,25.3,46.0,12.921304,77.66291,12.803496,77.641325,33,31,2,0,0,1,0,0.06363285621525537,42.559999999999995,,22,0.020768665923464047,3.2602544912970304,10.570824524312895,0.0,5.285412262156448,0.0,0.0,0.06451612903225806
T00108,D08,V08,2026-08-03,20:01:00,20:40:00,39,21.96,21.9,36.9,12.922382,77.655621,12.773892,77.695688,39,37,0,0,1,1,0,0.09476737325002844,32.910000000000004,,30,0.02850338358246882,3.3226493781918123,0.0,4.553734061930783,4.553734061930783,0.0,0.0,0.0
T00109,D08,V08,2026-08-01,12:13:00,12:33:00,20,5.66,29.3,48.0,12.924887,77.6741,12.931233,77.712992,20,18,3,0,0,1,1,0.06296779322745058,45.435,,10,0.021227070824304094,3.198140140686983,53.003533568904594,0.0,17.6678445229682,17.6678445229682,0.0,0.16666666666666666
T00110,D08,V08,2026-08-05,09:47:00,10:18:00,31,9.94,20.5,36.4,12.915472,77.674387,12.918827,77.740199,31,29,0,0,1,1,1,0.11289460366605666,31.6,,23,0.05687744881912469,3.0668876731957426,0.0,10.06036217303823,10.06036217303823,10.06036217303823,0.0,0.0
T00111,D08,V08,2026-08-02,21:13:00,21:54:00,41,12.96,18.8,34.4,12.917386,77.663945,12.918198,77.723992,41,40,0,0,1,2,0,0.11422649420584907,31.5,,29,0.03315039718942256,2.7326360899322104,0.0,7.716049382716049,15.432098765432098,0.0,0.0,0.0
T00112,D08,V08,2026-08-02,14:50:00,15:06:00,16,8.37,29.0,39.8,12.922022,77.656516,12.869593,77.660418,16,15,0,0,1,1,1,0.09358637423155522,36.35,,13,0.03203090449774852,4.169040657033702,0.0,11.947431302270013,11.947431302270013,11.947431302270013,0.0,0.0
T00113,D08,V08,2026-08-04,15:47:00,16:32:00,45,29.76,18.5,36.9,12.932051,77.642178,13.017894,77.461913,45,38,0,0,1,2,1,0.09942658238255095,32.13999999999999,,30,0.03461268142713606,2.8572089348374856,0.0,3.3602150537634405,6.720430107526881,3.3602150537634405,0.0,0.0
T00114,D08,V08,2026-08-03,11:45:00,12:25:00,40,14.46,20.3,40.3,12.918595,77.674148,12.883592,77.773478,40,36,0,0,3,2,0,0.13325995421822684,36.26999999999999,,24,0.041880097394682826,2.642358852621154,0.0,20.746887966804977,13.831258644536652,0.0,0.0,0.0
T00115,D08,V08,2026-08-05,20:09:00,20:20:00,11,8.99,24.9,40.4,12.918453,77.670324,12.885359,77.659762,11,9,0,0,1,0,0,0.10909468405081907,39.65,,4,0.05771171251029067,2.151037787683329,0.0,11.123470522803114,0.0,0.0,0.0,0.0
T00116,D08,V08,2026-08-05,15:29:00,15:49:00,20,19.44,25.8,39.8,12.929139,77.662586,13.003239,77.64435,20,20,0,0,0,0,1,0.06644376631545351,38.28,,16,0.03300677882795353,2.7307117207545923,0.0,0.0,0.0,5.144032921810699,0.0,0.0
T00117,D08,V08,2026-07-31,14:02:00,14:41:00,39,16.03,29.6,56.3,12.926428,77.669753,12.949424,77.766969,39,36,6,1,2,1,1,0.09419378532915121,43.39000000000001,,23,0.06608020765091657,3.0838450025901105,37.42981908920773,12.476606363069244,6.238303181534622,6.238303181534622,6.238303181534622,0.16666666666666666
T00118,D08,V08,2026-08-01,07:53:00,08:09:00,16,11.92,26.6,36.6,12.922104,77.668151,12.968144,77.671947,16,16,0,0,0,1,1,0.09448676266720415,36.075,,11,0.04723916381234591,3.0460794474208974,0.0,0.0,8.389261744966444,8.389261744966444,0.0,0.0
T00119,D08,V08,2026-08-06,16:41:00,17:16:00,35,12.23,27.6,47.3,12.930994,77.673118,12.938625,77.592727,35,34,1,0,3,2,2,0.12668018797779065,38.79999999999999,,28,0.062526161864794,2.7701068979646224,8.176614881439084,24.529844644317254,16.35322976287817,16.35322976287817,0.0,0.029411764705882353
T00120,D08,V08,2026-08-03,15:21:00,16:04:00,43,13.03,24.4,45.2,12.92925,77.651807,12.861827,77.66197,43,41,3,0,1,2,0,0.1028376538019495,43.22999999999999,,37,0.03877629300296273,3.011345214351885,23.023791250959324,7.674597083653109,15.349194167306218,0.0,0.0,0.07317073170731707
T00121,D09,V09,2026-08-04,08:20:00,08:33:00,13,12.7,23.5,29.4,12.923525,77.665391,12.97269,77.621626,13,12,0,0,0,0,0,0.06421304403068967,29.04,,12,0.030602047314861224,2.822065676375661,0.0,0.0,0.0,0.0,0.0,0.0
T00122,D09,V09,2026-08-05,13:52:00,14:03:00,11,5.1,29.6,38.7,12.921047,77.657305,12.89526,77.657688,11,10,0,0,0,0,0,0.059800120476170567,38.35,,7,0.023089219744796132,2.9362050337127346,0.0,0.0,0.0,0.0,0.0,0.0
T00123,D09,V09,2026-08-01,18:50:00,19:33:00,43,18.24,20.7,31.0,12.919973,77.666579,12.816073,77.630234,43,38,0,0,1,2,0,0.09023340576852475,29.58,,38,0.03278533553282382,2.828972128670304,0.0,5.482456140350878,10.964912280701755,0.0,0.0,0.0
T00124,D09,V09,2026-08-05,13:59:00,14:12:00,13,10.78,21.6,30.0,12.920551,77.664746,12.96219,77.638626,13,13,0,0,0,0,1,0.06347249232631169,29.279999999999998,,13,0.05784784153317638,3.1594145027204013,0.0,0.0,0.0,9.27643784786642,0.0,0.0
T00125,D09,V09,2026-08-01,14:04:00,14:18:00,14,6.35,23.2,30.4,12.920811,77.6648,12.880451,77.671833,14,12,0,0,0,0,0,0.07527333210415317,30.335,,12,0.03139411067779746,2.8589744556316123,0.0,0.0,0.0,0.0,0.0,0.0
T00126,D09,V09,2026-08-04,14:57:00,15:36:00,39,25.93,19.9,31.7,12.921443,77.666649,13.054875,77.719746,39,36,0,0,1,1,1,0.07746883554577232,28.430000000000003,,34,0.030969198652112086,2.8157091107191348,0.0,3.8565368299267258,3.8565368299267258,3.8565368299267258,0.0,0.0
T00127,D09,V09,2026-08-05,20:06:00,20:32:00,26,17.56,24.1,34.7,12.924008,77.669603,12.824492,77.650542,26,25,0,0,1,0,0,0.10705439040583101,32.925,,25,0.03693721369213477,3.032127965637334,0.0,5.694760820045559,0.0,0.0,0.0,0.0
T00128,D09,V09,2026-08-06,15:23:00,15:48:00,25,16.75,31.0,38.4,12.940697,77.655318,13.03416,77.639885,25,25,0,0,0,1,0,0.062493428475412775,37.35999999999999,,22,0.02331234319586524,3.441989506395699,0.0,0.0,5.970149253731343,0.0,0.0,0.0
T00129,D09,V09,2026-08-02,16:58:00,17:32:00,34,26.33,27.7,38.7,12.92864,77.681957,12.803733,77.774139,34,32,0,0,0,0,1,0.0825282608582897,36.019999999999996,,27,0.05904273914101135,3.77817416221116,0.0,0.0,0.0,3.79794910748196,0.0,0.0
T00130,D09,V09,2026-08-04,18:41:00,19:11:00,30,21.87,27.8,39.4,12.930019,77.673172,13.034768,77.734113,30,27,0,0,0,0,0,0.06571502507522707,34.75,,25,0.01910017689611157,2.8821693218823907,0.0,0.0,0.0,0.0,0.0,0.0
T00131,D09,V09,2026-08-01,12:14:00,12:48:00,34,12.8,24.2,30.0,12.919162,77.668147,12.845865,77.661146,34,33,0,0,1,1,1,0.10089080728990736,29.435,,32,0.026692905346312783,2.8042116903877177,0.0,7.8125,7.8125,7.8125,0.0,0.0
T00132,D09,V09,2026-08-03,09:27:00,10:05:00,38,17.92,31.0,40.7,12.921463,77.662524,12.997483,77.581,38,36,0,0,0,1,1,0.06916901315785488,40.6,,26,0.021065612502728696,3.4460746502268593,0.0,0.0,5.580357142857142,5.580357142857142,0.0,0.0
T00133,D09,V09,2026-08-01,21:08:00,21:21:00,13,8.4,23.4,32.5,12.920817,77.654768,12.878874,77.634078,13,13,0,0,0,0,0,0.10398745891387311,29.43999999999999,,13,0.02799089012393159,3.209330148177342,0.0,0.0,0.0,0.0,0.0,0.0
T00134,D09,V09,2026-08-02,07:12:00,07:53:00,41,26.77,28.6,39.5,12.925389,77.665404,13.087191,77.630166,41,39,0,0,3,0,0,0.12486851711082424,36.2,,34,0.04292866774401484,2.9978073450926557,0.0,11.206574523720583,0.0,0.0,0.0,0.0
T00135,D09,V09,2026-08-06,19:46:00,20:08:00,22,12.36,29.3,38.0,12.919945,77.666638,12.883702,77.602429,22,20,0,0,0,3,0,0.08637731307681923,37.620000000000005,,16,0.034517016820607586,3.530888519619787,0.0,0.0,24.271844660194176,0.0,0.0,0.0
T00136,D10,V10,2026-08-02,11:32:00,12:09:00,37,18.61,21.5,38.9,13.019204,77.539861,13.0881,77.432752,37,34,0,0,3,0,3,0.13713868427700204,34.419999999999995,,27,0.06525430768636988,3.230990560184291,0.0,16.12036539494895,0.0,16.12036539494895,0.0,0.0
T00137,D10,V10,2026-08-03,12:47:00,13:29:00,42,21.89,17.8,39.7,13.037725,77.549602,12.994584,77.447422,42,34,0,0,1,1,8,0.1064563122814078,31.354999999999993,,27,0.10465134992817925,3.6085177012174956,0.0,4.568296025582458,4.568296025582458,36.546368204659665,0.0,0.0
T00138,D10,V10,2026-08-01,09:51:00,10:30:00,39,25.16,16.9,34.8,13.023569,77.552109,12.907746,77.453621,39,33,0,0,0,0,1,0.08118055650315846,31.42,,24,0.03537523250313195,2.8234092567493647,0.0,0.0,0.0,3.97456279809221,0.0,0.0
T00139,D10,V10,2026-08-05,21:39:00,21:54:00,15,7.31,21.2,31.6,13.026567,77.558053,13.058243,77.586517,15,15,0,0,1,0,0,0.11985044750817846,31.32,,12,0.0567488468570228,3.572565384950842,0.0,13.679890560875513,0.0,0.0,0.0,0.0
T00140,D10,V10,2026-08-01,09:30:00,09:43:00,13,5.75,20.5,36.6,13.034071,77.556496,13.0312,77.593538,13,10,0,0,0,1,0,0.09291957580822865,33.71999999999999,,8,0.043036141367509925,3.2761596074429513,0.0,0.0,17.391304347826086,0.0,0.0,0.0
T00141,D10,V10,2026-08-03,18:58:00,19:24:00,26,16.08,19.8,38.4,13.036739,77.557512,13.098571,77.631092,26,23,0,0,0,0,0,0.07271439092427047,34.9,,16,0.033307827657687555,3.1552478456585358,0.0,0.0,0.0,0.0,0.0,0.0
T00142,D10,V10,2026-08-01,16:45:00,17:15:00,30,11.83,19.1,33.8,13.013713,77.554129,13.055986,77.496387,30,28,0,0,2,2,5,0.1240943491692949,32.38999999999999,,21,0.09585796400607853,3.706669664267373,0.0,16.9061707523246,16.9061707523246,42.265426880811496,0.0,0.0
T00143,D10,V10,2026-08-06,13:25:00,14:05:00,40,18.61,23.2,38.2,13.020941,77.55605,13.044644,77.665617,40,38,0,0,2,1,1,0.11295617968115734,35.09499999999999,,32,0.059177083262599094,3.5763285330343786,0.0,10.746910263299302,5.373455131649651,5.373455131649651,0.0,0.0
T00144,D10,V10,2026-08-01,20:36:00,21:16:00,40,5.92,16.9,34.2,13.020303,77.567316,13.039952,77.592279,40,35,0,0,3,3,1,0.13821420209956053,31.419999999999998,,23,0.036585066102260325,3.089805819141391,0.0,50.67567567567568,50.67567567567568,16.89189189189189,0.0,0.0
T00145,D10,V10,2026-08-04,16:53:00,17:29:00,36,8.56,21.1,41.0,13.03511,77.548442,12.993921,77.585221,36,33,0,0,0,2,2,0.09327112598147948,34.825,,26,0.03590835857020807,3.5349935242163246,0.0,0.0,23.364485981308412,23.364485981308412,0.0,0.0
T00146,D10,V10,2026-07-31,09:59:00,10:28:00,29,15.6,26.6,46.6,13.032879,77.554524,13.116231,77.48262,29,25,3,0,2,1,1,0.1442931283364169,46.339999999999996,,15,0.04741276158706123,3.0955128815755235,19.230769230769234,12.820512820512823,6.4102564102564115,6.4102564102564115,0.0,0.12
T00147,D10,V10,2026-08-05,10:51:00,11:22:00,31,8.73,28.2,48.4,13.024458,77.56537,12.970543,77.580961,31,28,2,0,2,1,2,0.110430971928276,43.45,,17,0.05922057295023229,3.092798085876283,22.90950744558992,22.90950744558992,11.45475372279496,22.90950744558992,0.0,0.07142857142857142
T00148,D10,V10,2026-08-05,14:33:00,14:46:00,13,3.01,18.1,25.2,13.023262,77.556488,13.036941,77.546436,13,13,0,0,1,0,1,0.157579572342201,24.96,,10,0.07231067503205825,3.11732376940493,0.0,33.222591362126245,0.0,33.222591362126245,0.0,0.0
T00149,D10,V10,2026-08-01,09:55:00,10:39:00,44,16.59,18.3,35.3,13.025819,77.551271,13.108401,77.479659,44,41,0,0,0,3,1,0.09356275536131857,31.685000000000002,,29,0.040029415541917246,3.6304545169992144,0.0,0.0,18.083182640144667,6.027727546714889,0.0,0.0
T00150,D10,V10,2026-08-02,13:40:00,14:15:00,35,19.61,32.8,56.7,13.015819,77.555721,13.067758,77.657132,35,34,7,1,0,2,2,0.07074600008702633,50.919999999999995,,19,0.04545689538932936,3.6010831703808233,35.696073431922485,0.0,10.198878123406425,10.198878123406425,5.099439061703213,0.20588235294117646
T00151,D11,V11,2026-08-02,06:30:00,07:07:00,37,15.79,23.3,33.3,13.02644,77.558001,13.052452,77.658314,37,37,0,0,0,1,0,0.07984908009910888,32.239999999999995,,35,0.027180939482545727,2.807222826923435,0.0,0.0,6.3331222292590255,0.0,0.0,0.0
T00152,D11,V11,2026-08-05,15:22:00,15:33:00,11,5.72,18.4,23.1,13.037846,77.557384,13.06746,77.572028,11,10,0,0,0,0,0,0.07532306106944152,22.450000000000003,,10,0.028512406255368817,3.1940609463988197,0.0,0.0,0.0,0.0,0.0,0.0
T00153,D11,V11,2026-08-03,09:26:00,09:39:00,13,6.87,31.3,37.7,13.032724,77.554277,13.051315,77.521983,13,13,0,0,0,1,0,0.048222737904338474,35.48,,12,0.027623106023994853,2.558776610454196,0.0,0.0,14.556040756914118,0.0,0.0,0.0
T00154,D11,V11,2026-07-31,07:56:00,08:29:00,33,11.89,29.4,36.6,13.035091,77.557352,13.115708,77.572675,33,33,0,0,0,3,0,0.08106073863749833,35.12,,31,0.03023411102845602,3.063657944353449,0.0,0.0,25.231286795626577,0.0,0.0,0.0
T00155,D11,V11,2026-08-04,19:56:00,20:29:00,33,13.31,29.9,38.0,13.033932,77.557784,13.096976,77.481566,33,32,0,0,0,1,1,0.06662952312587804,35.44,,30,0.03185670745670791,3.131642302351653,0.0,0.0,7.513148009015777,7.513148009015777,0.0,0.0
T00156,D11,V11,2026-08-04,15:01:00,15:33:00,32,14.27,22.6,31.9,13.034218,77.54784,13.073306,77.467251,32,30,0,0,0,0,0,0.06660503947421562,28.904999999999998,,30,0.02634187728166713,2.956170628820098,0.0,0.0,0.0,0.0,0.0,0.0
T00157,D11,V11,2026-08-04,06:54:00,07:21:00,27,16.74,27.2,39.1,13.033643,77.557989,13.126702,77.603995,27,25,0,0,1,0,0,0.09425001415077042,35.67,,21,0.0384556393361476,2.473661254092807,0.0,5.973715651135007,0.0,0.0,0.0,0.0
T00158,D11,V11,2026-07-31,08:28:00,09:05:00,37,21.35,28.1,39.9,13.026352,77.561344,12.881033,77.498735,37,35,0,0,0,1,0,0.07892008162535909,35.599999999999994,,31,0.019302632405177184,3.2896656365047194,0.0,0.0,4.68384074941452,0.0,0.0,0.0
T00159,D11,V11,2026-07-31,07:55:00,08:07:00,12,18.95,24.1,38.9,13.019076,77.557328,13.036121,77.525425,12,11,0,0,0,0,0,0.08000261181874947,34.44499999999999,,10,0.026805647507825502,2.5906153100735008,0.0,0.0,0.0,0.0,0.0,0.0
T00160,D11,V11,2026-07-31,06:30:00,06:55:00,25,13.77,30.8,39.3,13.030971,77.563731,13.068702,77.623941,25,24,0,0,0,0,0,0.08034860595587028,38.379999999999995,,19,0.01668841780733321,3.695321366268433,0.0,0.0,0.0,0.0,0.0,0.0
T00161,D11,V11,2026-08-04,12:57:00,13:14:00,17,10.55,16.0,26.6,13.025681,77.562124,13.00995,77.614627,17,15,0,0,0,0,0,0.05766910343592971,23.159999999999997,,12,0.025316632983026267,3.306264182419496,0.0,0.0,0.0,0.0,0.0,0.0
T00162,D11,V11,2026-08-01,16:02:00,16:13:00,11,6.22,28.3,37.0,13.020175,77.555691,12.993761,77.524578,11,11,0,0,0,1,1,0.0733213471485832,36.8,,9,0.10217029916058329,4.69409203147957,0.0,0.0,16.077170418006432,16.077170418006432,0.0,0.0
T00163,D11,V11,2026-08-05,20:43:00,21:13:00,30,19.31,18.0,27.4,13.029538,77.560931,13.118667,77.638556,30,27,0,0,1,0,1,0.09746118393378578,25.194999999999997,,23,0.054045143083190555,3.246089955623534,0.0,5.178663904712585,0.0,5.178663904712585,0.0,0.0
T00164,D11,V11,2026-08-01,20:15:00,20:26:00,11,4.73,24.3,32.2,13.026606,77.543702,13.00988,77.522672,11,10,0,0,0,0,0,0.062158941805976496,31.400000000000002,,10,0.029824002340539002,4.015829829308054,0.0,0.0,0.0,0.0,0.0,0.0
T00165,D11,V11,2026-08-04,09:34:00,10:02:00,28,17.96,27.4,41.6,13.037191,77.557461,13.126913,77.634006,28,25,0,0,0,1,0,0.07945313843992326,36.66499999999999,,20,0.022164607637393075,3.125699152078389,0.0,0.0,5.567928730512249,0.0,0.0,0.0
T00166,D12,V12,2026-07-31,11:57:00,12:33:00,36,12.8,24.1,47.7,12.907239,77.634802,12.833423,77.667411,36,31,1,0,1,0,4,0.10752063986088374,38.525,,22,0.04853817409746058,2.902610520878879,7.8125,7.8125,0.0,31.25,0.0,0.03225806451612903
T00167,D12,V12,2026-08-06,15:50:00,16:03:00,13,7.07,25.2,64.5,12.912429,77.651822,12.902772,77.679672,13,12,1,1,4,1,0,0.2625104534713026,48.419999999999966,,6,0.1053529772147619,4.181310106296183,14.144271570014144,56.57708628005658,14.144271570014144,0.0,14.144271570014144,0.08333333333333333
T00168,D12,V12,2026-08-03,19:12:00,19:51:00,39,19.61,14.3,46.5,12.902285,77.648511,12.902215,77.772327,39,30,1,0,2,1,1,0.10868023189011226,31.950000000000003,,17,0.06732250801707808,3.2037009847986755,5.099439061703213,10.198878123406425,5.099439061703213,5.099439061703213,0.0,0.03333333333333333
T00169,D12,V12,2026-08-01,09:39:00,09:55:00,16,5.81,25.6,54.6,12.915855,77.637972,12.888629,77.633904,16,15,3,1,1,2,2,0.14790120962023617,49.725,,8,0.0717015801521177,3.2491522004203044,51.63511187607573,17.211703958691913,34.42340791738383,34.42340791738383,17.211703958691913,0.2
T00170,D12,V12,2026-08-04,07:10:00,07:54:00,44,13.13,27.7,51.0,12.92005,77.63839,12.998809,77.598084,44,42,5,0,1,5,1,0.13539552835709678,44.86000000000001,,28,0.030502805666134867,3.481605529853196,38.080731150038076,7.616146230007616,38.080731150038076,7.616146230007616,0.0,0.11904761904761904
T00171,D12,V12,2026-08-01,16:10:00,16:25:00,15,6.54,30.3,48.9,12.905142,77.632383,12.875841,77.608108,15,15,2,0,1,1,1,0.12426181444587721,47.22,,11,0.04004463956570661,3.253613375925296,30.58103975535168,15.29051987767584,15.29051987767584,15.29051987767584,0.0,0.13333333333333333
T00172,D12,V12,2026-08-02,15:37:00,15:59:00,22,10.84,21.0,48.7,12.924765,77.632972,12.879149,77.675555,22,19,1,0,1,3,0,0.12524068221179177,41.26499999999999,,13,0.03544903779600472,2.2669142021699895,9.22509225092251,9.22509225092251,27.67527675276753,0.0,0.0,0.05263157894736842
T00173,D12,V12,2026-07-31,14:07:00,14:22:00,15,7.81,29.8,45.4,12.900603,77.648248,12.853517,77.658568,15,15,3,0,1,1,0,0.14923106386445986,44.07,,9,0.0659817562792259,2.4310902903841316,38.41229193341869,12.804097311139564,12.804097311139564,0.0,0.0,0.2
T00174,D12,V12,2026-08-03,09:25:00,09:52:00,27,12.44,24.7,53.1,12.912703,77.638068,12.962537,77.675493,27,22,3,2,3,0,1,0.16287147374836988,50.9,,16,0.07305710685859185,2.8990453807320367,24.115755627009648,24.115755627009648,0.0,8.038585209003216,16.077170418006432,0.13636363636363635
T00175,D12,V12,2026-08-03,17:18:00,17:31:00,13,16.02,24.1,34.8,12.921661,77.644346,12.869531,77.622107,13,13,0,0,1,1,0,0.14045521591715063,34.08,,11,0.05131602637329727,3.541496858674309,0.0,6.242197253433209,6.242197253433209,0.0,0.0,0.0
T00176,D12,V12,2026-08-02,10:52:00,11:02:00,10,9.34,25.6,40.7,12.923217,77.651595,12.888484,77.690547,10,9,0,0,1,2,1,0.13628090058824113,40.52,,6,0.044301441735238735,3.699425325647426,0.0,10.706638115631693,21.413276231263385,10.706638115631693,0.0,0.0
T00177,D12,V12,2026-08-02,20:50:00,21:10:00,20,13.08,25.3,46.2,12.916209,77.635046,12.837508,77.623532,20,18,3,0,1,1,0,0.10623885918645866,45.535000000000004,,11,0.03692746512705127,3.10177368613508,22.93577981651376,7.64525993883792,7.64525993883792,0.0,0.0,0.16666666666666666
T00178,D12,V12,2026-08-03,12:43:00,13:24:00,41,10.35,17.6,52.4,12.924683,77.64846,12.916605,77.725108,41,34,1,1,4,2,2,0.1648922981882033,38.0,,18,0.10689874512846426,3.098631869293129,9.66183574879227,38.64734299516908,19.32367149758454,19.32367149758454,9.66183574879227,0.029411764705882353
T00179,D12,V12,2026-08-02,10:20:00,10:41:00,21,9.38,34.7,63.7,12.911086,77.649144,12.855705,77.639112,21,20,6,2,1,1,3,0.11828001350209102,61.5,,9,0.09430327544351097,4.182021042510427,63.96588486140724,10.660980810234541,10.660980810234541,31.98294243070362,21.321961620469082,0.3
T00180,D12,V12,2026-08-05,15:35:00,16:03:00,28,14.63,22.3,48.8,12.908593,77.651142,12.862107,77.72746,28,25,1,0,5,1,3,0.18282661108013903,36.974999999999994,,18,0.0789362040712863,2.9914926506438393,6.835269993164729,34.17634996582365,6.835269993164729,20.505809979494188,0.0,0.04
T00181,D13,V13,2026-08-06,12:49:00,13:30:00,41,13.59,23.1,40.7,12.843509,77.660291,12.925389,77.662004,41,36,0,0,1,3,6,0.10891559300398555,38.5,,28,0.07121215855322692,3.52688320441185,0.0,7.358351729212656,22.075055187637968,44.150110375275936,0.0,0.0
T00182,D13,V13,2026-07-31,15:34:00,16:09:00,35,17.59,16.9,32.2,12.861791,77.64835,12.851494,77.558113,35,31,0,0,2,1,2,0.1101321364495868,28.569999999999993,,23,0.06987133461945795,3.5666931463191505,0.0,11.370096645821489,5.6850483229107445,11.370096645821489,0.0,0.0
T00183,D13,V13,2026-07-31,12:01:00,12:26:00,25,13.92,17.5,31.7,12.835643,77.657248,12.772025,77.598573,25,24,0,0,1,0,4,0.13093231196413532,28.719999999999995,,15,0.08656854696887668,3.1532364326196665,0.0,7.183908045977011,0.0,28.735632183908045,0.0,0.0
T00184,D13,V13,2026-08-03,14:42:00,15:09:00,27,13.15,26.8,43.8,12.846253,77.66875,12.933873,77.607593,27,25,2,0,0,2,1,0.07432600908432514,42.55,,20,0.03274176121535151,2.7630317555726163,15.209125475285171,0.0,15.209125475285171,7.604562737642586,0.0,0.08
T00185,D13,V13,2026-08-02,21:03:00,21:35:00,32,14.95,26.5,40.9,12.854774,77.670693,12.866735,77.601232,32,30,0,0,1,0,3,0.11559042343479164,38.405,,25,0.049287690257553474,2.651226131434284,0.0,6.688963210702341,0.0,20.066889632107024,0.0,0.0
T00186,D13,V13,2026-08-04,20:38:00,21:18:00,40,15.28,32.9,61.8,12.83645,77.661091,12.762122,77.599756,40,38,5,2,1,1,4,0.11826488771697077,45.76999999999997,,19,0.035401118359739414,2.8389610775775,32.72251308900524,6.544502617801047,6.544502617801047,26.17801047120419,13.089005235602095,0.13157894736842105
T00187,D13,V13,2026-08-03,14:12:00,14:24:00,12,5.61,19.0,34.1,12.843399,77.65597,12.824052,77.636218,12,11,0,0,0,1,0,0.08743206857270212,32.065,,8,0.031098371472751796,3.463386557776933,0.0,0.0,17.825311942959,0.0,0.0,0.0
T00188,D13,V13,2026-08-06,11:26:00,11:47:00,21,7.91,27.2,47.2,12.847513,77.658233,12.881023,77.683157,21,21,1,0,2,3,0,0.14899790269539562,40.8,,15,0.04283992410989377,3.2562094527225978,12.64222503160556,25.28445006321112,37.92667509481669,0.0,0.0,0.047619047619047616
T00189,D13,V13,2026-08-06,10:57:00,11:23:00,26,10.33,20.9,40.2,12.840657,77.654786,12.815806,77.715444,26,24,0,0,1,1,4,0.10190371111120933,36.675,,18,0.06346727694513558,3.2549659979875756,0.0,9.68054211035818,9.68054211035818,38.72216844143272,0.0,0.0
T00190,D13,V13,2026-07-31,14:40:00,14:54:00,14,11.21,34.6,40.9,12.852694,77.660395,12.860815,77.609659,14,14,0,0,0,0,5,0.07722247853586646,40.77,,8,0.1380473324218932,3.6123270946847192,0.0,0.0,0.0,44.60303300624442,0.0,0.0
T00191,D13,V13,2026-08-03,10:07:00,10:29:00,22,9.64,21.6,43.0,12.856634,77.652665,12.914172,77.684115,22,21,1,0,0,1,1,0.09209437045345431,37.305,,14,0.036602285537733835,3.645405360597298,10.373443983402488,0.0,10.373443983402488,10.373443983402488,0.0,0.047619047619047616
T00192,D13,V13,2026-08-02,07:44:00,08:29:00,45,27.12,28.7,48.6,12.845571,77.659142,13.000259,77.697442,45,41,4,0,5,1,2,0.13958281195721367,46.01999999999999,,29,0.04164219451337926,2.987657945615595,14.749262536873156,18.436578171091444,3.687315634218289,7.374631268436578,0.0,0.0975609756097561
T00193,D13,V13,2026-08-02,15:42:00,16:10:00,28,13.45,23.2,37.3,12.840561,77.659899,12.923922,77.669599,28,25,0,0,2,0,2,0.12625914353056888,35.895,,19,0.04911738410332642,3.2086601565139303,0.0,14.869888475836431,0.0,14.869888475836431,0.0,0.0
T00194,D13,V13,2026-08-04,17:58:00,18:24:00,26,17.99,17.7,34.6,12.846844,77.644115,12.918292,77.562067,26,23,0,0,0,1,2,0.0855327848222705,33.65,,16,0.08192261549966148,2.932148539347411,0.0,0.0,5.5586436909394115,11.117287381878823,0.0,0.0
T00195,D13,V13,2026-07-31,07:23:00,08:00:00,37,9.88,27.8,47.6,12.8472,77.65508,12.820344,77.716671,37,34,4,0,3,1,3,0.1473294227874411,44.13999999999998,,21,0.04674373301915808,3.1577523652116866,40.48582995951417,30.364372469635626,10.121457489878543,30.364372469635626,0.0,0.11764705882352941
T00196,D14,V14,2026-07-31,14:57:00,15:30:00,33,5.98,22.6,63.1,12.991452,77.558567,13.018921,77.570669,33,27,2,2,6,3,1,0.19027744553039433,48.839999999999975,,13,0.09084382118838528,3.1552654404978355,33.44481605351171,100.33444816053512,50.16722408026756,16.722408026755854,33.44481605351171,0.07407407407407407
T00197,D14,V14,2026-08-05,15:38:00,15:48:00,10,4.83,26.7,58.6,12.976299,77.549053,12.989654,77.521908,10,9,3,2,1,0,1,0.12128933517504892,56.035,,2,0.04320538593784273,2.3316383907127576,62.11180124223602,20.703933747412005,0.0,20.703933747412005,41.40786749482401,0.3333333333333333
T00198,D14,V14,2026-08-02,10:51:00,11:25:00,34,8.37,19.5,51.1,12.987831,77.553162,12.948488,77.593716,34,27,4,0,4,2,1,0.16628984721216056,46.97499999999999,,14,0.10757910101094689,2.9049523134598547,47.78972520908005,47.78972520908005,23.894862604540027,11.947431302270013,0.0,0.14814814814814814
T00199,D14,V14,2026-08-01,21:36:00,21:46:00,10,2.67,25.3,43.6,12.996729,77.551289,13.010541,77.542035,10,9,1,0,1,0,0,0.16753134168899173,41.349999999999994,,7,0.08308994167018224,2.3972901368003,37.453183520599254,37.453183520599254,0.0,0.0,0.0,0.1111111111111111
T00200,D14,V14,2026-08-01,08:51:00,09:21:00,30,16.72,23.4,57.9,12.98065,77.565913,12.861059,77.577348,30,25,2,1,3,3,0,0.15827455115042807,44.66999999999999,,15,0.049600546810080866,3.059852937642592,11.961722488038278,17.942583732057418,17.942583732057418,0.0,5.980861244019139,0.08
T00201,D14,V14,2026-08-05,19:14:00,19:46:00,32,9.17,29.4,60.5,12.986178,77.560488,12.940437,77.601511,32,29,5,3,10,3,0,0.30692283036361,56.464999999999996,,18,0.07802213080907644,3.799983521620918,54.52562704471101,109.05125408942202,32.715376226826606,0.0,32.715376226826606,0.1724137931034483
T00202,D14,V14,2026-08-03,11:13:00,11:58:00,45,23.69,28.3,52.0,12.992891,77.57415,13.067206,77.720363,45,42,6,0,7,0,1,0.1882125323808115,46.199999999999996,,22,0.07436641067997472,2.402376321705499,25.32714225411566,29.548332629801603,0.0,4.221190375685943,0.0,0.14285714285714285
T00203,D14,V14,2026-08-06,07:38:00,07:48:00,10,4.03,23.7,47.8,12.994256,77.555989,12.969182,77.557596,10,9,1,0,1,1,1,0.13631798339179146,40.77999999999999,,7,0.04456790466362402,2.3127689032845455,24.813895781637715,24.813895781637715,24.813895781637715,24.813895781637715,0.0,0.1111111111111111
T00204,D14,V14,2026-08-05,11:18:00,11:50:00,32,15.46,31.6,65.5,12.991437,77.557522,13.07706,77.489609,32,29,7,4,4,1,0,0.17613861221753702,58.445,,7,0.050873413284127644,3.128338217009152,45.278137128072444,25.873221216041397,6.468305304010349,0.0,25.873221216041397,0.2413793103448276
T00205,D14,V14,2026-08-05,07:07:00,07:27:00,20,13.49,21.0,44.1,12.996896,77.566758,13.022662,77.650072,20,16,1,0,3,2,0,0.1688313189673004,37.165,,11,0.056037583265198726,2.5401377915380894,7.412898443291327,22.23869532987398,14.825796886582655,0.0,0.0,0.0625
T00206,D14,V14,2026-07-31,14:21:00,15:04:00,43,18.53,22.0,60.3,12.980663,77.557864,13.100541,77.593315,43,38,5,1,3,2,1,0.15042181794218437,46.44,,23,0.04188992352754085,2.988193434167206,26.983270372369127,16.189962223421478,10.793308148947652,5.396654074473826,5.396654074473826,0.13157894736842105
T00207,D14,V14,2026-07-31,06:07:00,06:52:00,45,13.04,30.9,61.2,13.015783,77.562847,12.949307,77.505909,45,43,7,5,1,3,1,0.09137546308181377,52.98,,20,0.029383778767160817,2.5293042643855586,53.68098159509203,7.668711656441718,23.006134969325153,7.668711656441718,38.34355828220859,0.16279069767441862
T00208,D14,V14,2026-07-31,17:44:00,18:28:00,44,14.23,19.0,44.8,12.994681,77.554573,12.894782,77.566592,44,35,3,0,2,0,0,0.11558541387577251,42.005,,21,0.03003224582604483,3.426601815209932,21.082220660576247,14.054813773717498,0.0,0.0,0.0,0.08571428571428572
T00209,D14,V14,2026-08-05,21:07:00,21:30:00,23,6.0,33.0,62.6,12.993515,77.554569,13.031682,77.552164,23,21,6,1,2,2,0,0.16133284834929698,48.209999999999994,,9,0.05852078786997835,2.7691334384604867,100.0,33.33333333333333,33.33333333333333,0.0,16.666666666666664,0.2857142857142857
T00210,D14,V14,2026-07-31,21:51:00,22:06:00,15,8.02,25.0,55.3,12.990015,77.545762,12.97015,77.597572,15,13,2,1,0,0,0,0.13953125555629584,48.78999999999999,,6,0.03790870880911216,2.6100374491694778,24.93765586034913,0.0,0.0,0.0,12.468827930174564,0.15384615384615385
T00211,D15,V15,2026-08-04,19:44:00,19:59:00,15,5.9,24.7,48.7,12.93269,77.666975,12.934482,77.708115,15,13,3,0,0,1,2,0.08317677089669324,46.88,,8,0.03854971935452166,3.529841221285091,50.847457627118644,0.0,16.94915254237288,33.89830508474576,0.0,0.23076923076923078
T00212,D15,V15,2026-08-03,13:14:00,13:39:00,25,13.7,17.4,30.9,12.921012,77.66556,12.928435,77.758305,25,24,0,0,3,2,2,0.1649552837608832,29.74,,14,0.03428539786901016,2.9319305264701088,0.0,21.897810218978105,14.598540145985403,14.598540145985403,0.0,0.0
T00213,D15,V15,2026-08-03,07:50:00,08:22:00,32,27.34,29.7,52.5,12.923453,77.652686,12.779741,77.643129,32,28,3,1,2,3,3,0.13689704492469038,44.974999999999994,,18,0.04968073796634943,3.074644440535936,10.972933430870519,7.315288953913679,10.972933430870519,10.972933430870519,3.6576444769568397,0.10714285714285714
T00214,D15,V15,2026-08-05,10:09:00,10:51:00,42,29.08,21.1,42.9,12.929727,77.67214,13.106549,77.659831,42,36,1,0,0,3,1,0.10418167419366155,34.34499999999999,,32,0.03109353324660346,3.4710246022745146,3.4387895460797804,0.0,10.31636863823934,3.4387895460797804,0.0,0.027777777777777776
T00215,D15,V15,2026-08-05,21:21:00,21:43:00,22,15.83,24.8,42.4,12.920811,77.664787,13.001394,77.71208,22,20,0,0,0,1,2,0.06897884205416915,36.97,,18,0.07096676701006752,2.9694369484180005,0.0,0.0,6.3171193935565375,12.634238787113075,0.0,0.0
T00216,D15,V15,2026-08-05,19:03:00,19:48:00,45,15.39,26.1,46.9,12.9173,77.654497,12.819876,77.660151,45,42,4,0,2,2,5,0.11821501343029463,43.839999999999996,,33,0.08873461016494615,3.9243470794515614,25.99090318388564,12.99545159194282,12.99545159194282,32.48862897985705,0.0,0.09523809523809523
T00217,D15,V15,2026-08-04,17:03:00,17:45:00,42,18.22,19.2,36.0,12.917194,77.665722,12.807439,77.703786,42,36,0,0,0,3,3,0.09966039495309766,33.394999999999996,,28,0.04697486435788795,3.6850192801420225,0.0,0.0,16.465422612513724,16.465422612513724,0.0,0.0
T00218,D15,V15,2026-08-02,13:48:00,14:15:00,27,10.93,18.6,29.6,12.925119,77.676,12.923801,77.747905,27,25,0,0,4,2,2,0.1649777648550581,27.6,,20,0.06461509265781049,3.278545838800502,0.0,36.596523330283624,18.298261665141812,18.298261665141812,0.0,0.0
T00219,D15,V15,2026-08-04,19:35:00,20:17:00,42,15.24,16.9,38.8,12.916136,77.673802,12.956238,77.769237,42,34,0,0,2,4,4,0.11869132488925972,31.639999999999986,,21,0.04113746236873915,3.3208583227834336,0.0,13.123359580052494,26.246719160104988,26.246719160104988,0.0,0.0
T00220,D15,V15,2026-08-05,14:32:00,15:13:00,41,9.42,19.6,45.0,12.924248,77.671856,12.885804,77.702268,41,41,1,0,2,1,3,0.09462540165444058,34.3,,27,0.046854926077365536,3.027408132379908,10.615711252653929,21.231422505307858,10.615711252653929,31.84713375796178,0.0,0.024390243902439025
T00221,D15,V15,2026-08-02,12:42:00,12:55:00,13,11.28,18.1,30.0,12.924338,77.672968,12.966492,77.671186,13,10,0,0,0,0,0,0.06496616335490998,28.919999999999998,,9,0.03515284488810089,2.9030328968167067,0.0,0.0,0.0,0.0,0.0,0.0
T00222,D15,V15,2026-08-04,17:52:00,18:28:00,36,16.74,28.8,45.2,12.930983,77.668758,13.008558,77.704384,36,34,3,0,2,1,2,0.11887939984861398,42.775,,25,0.056608473701020665,3.537838323044172,17.92114695340502,11.947431302270013,5.973715651135007,11.947431302270013,0.0,0.08823529411764706
T00223,D15,V15,2026-08-02,10:57:00,11:36:00,39,17.99,24.9,46.7,12.926825,77.664012,13.013285,77.630262,39,38,1,0,2,1,4,0.13358370970309671,37.18000000000001,,31,0.050148595384120025,2.9436881628324696,5.5586436909394115,11.117287381878823,5.5586436909394115,22.234574763757646,0.0,0.02631578947368421
T00224,D15,V15,2026-08-03,11:25:00,11:38:00,13,7.79,18.2,26.3,12.92176,77.661011,12.949414,77.66922,13,13,0,0,2,1,1,0.151540164884389,26.0,,10,0.06737689131075485,3.490938148068189,0.0,25.673940949935815,12.836970474967908,12.836970474967908,0.0,0.0
T00225,D15,V15,2026-07-31,16:46:00,17:31:00,45,20.93,30.1,46.2,12.925606,77.675578,12.85334,77.79646,45,41,2,0,1,3,3,0.11373771162833937,42.36,,23,0.039719714957253585,3.3064936110629337,9.555661729574773,4.777830864787386,14.33349259436216,14.33349259436216,0.0,0.04878048780487805
T00226,D16,V16,2026-08-03,11:13:00,11:46:00,33,13.75,29.0,36.4,12.905528,77.625177,12.820289,77.665065,33,33,0,0,2,3,2,0.09855244213297215,35.019999999999996,,31,0.03832465756548619,3.7409758085291065,0.0,14.545454545454545,21.818181818181817,14.545454545454545,0.0,0.0
T00227,D16,V16,2026-08-04,14:43:00,15:27:00,44,17.6,20.0,35.0,12.913008,77.614909,12.842432,77.715255,44,40,0,0,0,1,3,0.08595559652192823,28.27,,37,0.031715961946022525,2.9027745348200917,0.0,0.0,5.681818181818182,17.045454545454543,0.0,0.0
T00228,D16,V16,2026-07-31,06:25:00,06:51:00,26,15.45,27.7,33.1,12.90507,77.611345,12.85346,77.538496,26,25,0,0,1,1,3,0.09634688838641006,32.95,,25,0.04677650968723692,3.9234933413987085,0.0,6.4724919093851145,6.4724919093851145,19.41747572815534,0.0,0.0
T00229,D16,V16,2026-08-03,07:13:00,07:34:00,21,6.41,22.1,34.0,12.907416,77.610955,12.864907,77.598192,21,18,0,0,0,0,3,0.0814632673356151,32.3,,18,0.047734953463757966,2.562674209438347,0.0,0.0,0.0,46.80187207488299,0.0,0.0
T00230,D16,V16,2026-07-31,17:49:00,18:24:00,35,20.13,28.7,39.9,12.898222,77.619932,12.796929,77.673072,35,32,0,0,1,4,4,0.09657575571617234,36.58,,25,0.06868283823406678,4.125142421783762,0.0,4.967709885742673,19.870839542970693,19.870839542970693,0.0,0.0
T00231,D16,V16,2026-08-03,12:54:00,13:21:00,27,10.89,20.4,27.7,12.914025,77.610037,12.978563,77.60437,27,25,0,0,0,0,0,0.07223058359195374,27.51,,25,0.03439519211161659,2.9366307224436645,0.0,0.0,0.0,0.0,0.0,0.0
T00232,D16,V16,2026-08-02,12:19:00,12:43:00,24,16.32,23.7,33.6,12.899351,77.605032,12.923032,77.509266,24,23,0,0,0,2,1,0.0895250902121187,27.955,,23,0.060293599443823426,3.5356753244606605,0.0,0.0,12.254901960784313,6.127450980392156,0.0,0.0
T00233,D16,V16,2026-08-06,10:46:00,11:03:00,17,6.13,27.4,38.5,12.899,77.624783,12.854184,77.617906,17,17,0,0,0,0,3,0.07310209929440592,37.3,,14,0.02584866786730176,3.349079159123961,0.0,0.0,0.0,48.939641109298535,0.0,0.0
T00234,D16,V16,2026-08-04,17:08:00,17:51:00,43,30.63,24.6,37.5,12.898592,77.615783,13.093539,77.575471,43,37,0,0,2,2,3,0.11130688101632093,36.019999999999996,,34,0.04916743530819468,2.8003300597141694,0.0,6.52954619653934,6.52954619653934,9.79431929480901,0.0,0.0
T00235,D16,V16,2026-08-01,19:46:00,20:25:00,39,15.57,30.7,39.6,12.906711,77.621931,13.001635,77.581765,39,38,0,0,3,1,1,0.11585857719889706,38.51,,27,0.052482597757017746,3.3896607499866414,0.0,19.26782273603083,6.422607578676942,6.422607578676942,0.0,0.0
T00236,D16,V16,2026-07-31,13:33:00,14:10:00,37,19.49,28.5,37.9,12.898519,77.617559,12.985016,77.513214,37,33,0,0,1,1,4,0.09524832639847057,37.18,,23,0.046956181378790506,2.83911958184223,0.0,5.130836326321191,5.130836326321191,20.523345305284764,0.0,0.0
T00237,D16,V16,2026-08-01,06:29:00,06:49:00,20,7.56,28.3,39.4,12.911036,77.622611,12.919284,77.673455,20,19,0,0,1,1,0,0.09969255805286084,36.645,,17,0.03404727471844651,3.1407164787672257,0.0,13.22751322751323,13.22751322751323,0.0,0.0,0.0
T00238,D16,V16,2026-08-03,06:02:00,06:27:00,25,14.04,29.7,36.1,12.913999,77.632405,12.853332,77.695755,25,24,0,0,1,0,1,0.11313692018764146,35.44,,22,0.05966982709385263,3.588823777536647,0.0,7.122507122507122,0.0,7.122507122507122,0.0,0.0
T00239,D16,V16,2026-08-03,13:20:00,13:47:00,27,10.67,17.2,28.8,12.9057,77.607556,12.873685,77.541708,27,24,0,0,0,2,1,0.06368753507219191,26.259999999999998,,20,0.033971944846958854,3.3254725674194363,0.0,0.0,18.744142455482663,9.372071227741332,0.0,0.0
T00240,D16,V16,2026-08-01,13:06:00,13:47:00,41,27.28,19.5,28.0,12.900624,77.62282,12.84409,77.80012,41,40,0,0,2,2,2,0.11261234154222691,24.6,,39,0.048891790020467195,3.1558675510863887,0.0,7.331378299120233,7.331378299120233,7.331378299120233,0.0,0.0
T00241,D17,V17,2026-08-03,11:38:00,12:08:00,30,13.13,19.4,32.9,12.841787,77.645252,12.765331,77.597634,30,27,0,0,0,3,2,0.08719219921388152,31.165,,22,0.06615417701650783,3.3952599930264435,0.0,0.0,22.848438690022846,15.232292460015232,0.0,0.0
T00242,D17,V17,2026-08-04,08:46:00,09:16:00,30,18.11,25.6,45.0,12.845123,77.659281,12.95962,77.633315,30,29,1,0,1,2,1,0.09426574690207559,40.964999999999996,,22,0.03638884342846234,3.1848065991870484,5.521811154058531,5.521811154058531,11.043622308117062,5.521811154058531,0.0,0.034482758620689655
T00243,D17,V17,2026-08-05,19:32:00,20:09:00,37,24.36,27.4,52.0,12.847923,77.654092,12.891669,77.527037,37,34,1,0,1,2,1,0.11751188057923637,39.13999999999999,,27,0.06434621143225777,2.9385200356642116,4.105090311986864,4.105090311986864,8.210180623973727,4.105090311986864,0.0,0.029411764705882353
T00244,D17,V17,2026-08-06,15:20:00,15:53:00,33,20.93,27.4,48.0,12.851017,77.655082,12.799553,77.552335,33,30,1,0,2,3,0,0.11591598000626445,41.58,,20,0.03139185613836757,2.4485726876239067,4.777830864787386,9.555661729574773,14.33349259436216,0.0,0.0,0.03333333333333333
T00245,D17,V17,2026-08-04,19:28:00,20:07:00,39,14.98,27.0,44.7,12.835883,77.663595,12.82949,77.590375,39,37,1,0,4,4,0,0.16736606004691193,38.33,,29,0.05625986532223015,3.544150109687793,6.675567423230974,26.702269692923895,26.702269692923895,0.0,0.0,0.02702702702702703
T00246,D17,V17,2026-08-04,13:43:00,14:27:00,44,28.62,28.0,45.2,12.861428,77.650189,12.995328,77.605002,44,39,2,0,1,2,0,0.08113873584224972,40.905,,30,0.03576844112318052,3.1061571758146944,6.988120195667364,3.494060097833682,6.988120195667364,0.0,0.0,0.05128205128205128
T00247,D17,V17,2026-08-05,12:23:00,12:50:00,27,9.65,31.6,49.6,12.855841,77.660626,12.875998,77.705199,27,24,7,0,1,0,0,0.13062786592570236,47.62,,12,0.05368990166339154,2.9251045753390477,72.53886010362694,10.362694300518134,0.0,0.0,0.0,0.2916666666666667
T00248,D17,V17,2026-07-31,12:10:00,12:41:00,31,17.34,24.8,38.0,12.853526,77.664332,12.737732,77.700293,31,30,0,0,2,1,1,0.12025543742552433,34.8,,27,0.04304418762329676,3.1262917330281255,0.0,11.534025374855824,5.767012687427912,5.767012687427912,0.0,0.0
T00249,D17,V17,2026-07-31,06:34:00,06:47:00,13,6.67,28.2,44.5,12.842175,77.671293,12.820284,77.696944,13,13,1,0,1,1,0,0.2030728480215661,42.459999999999994,,10,0.050072451556351635,3.3596018058314545,14.992503748125937,14.992503748125937,14.992503748125937,0.0,0.0,0.07692307692307693
T00250,D17,V17,2026-07-31,09:04:00,09:37:00,33,14.64,25.1,48.3,12.8415,77.660355,12.756924,77.675839,33,31,2,0,1,0,0,0.08604612687492548,39.27999999999999,,24,0.033418097347399436,2.93572109249813,13.661202185792348,6.830601092896174,0.0,0.0,0.0,0.06451612903225806
T00251,D17,V17,2026-08-01,21:54:00,22:07:00,13,3.82,21.6,38.0,12.853266,77.664664,12.879546,77.645724,13,13,0,0,0,1,0,0.1327952292082096,36.92,,8,0.03559030183178101,3.0964747754681596,0.0,0.0,26.17801047120419,0.0,0.0,0.0
T00252,D17,V17,2026-08-02,12:37:00,13:21:00,44,18.93,25.3,42.7,12.839374,77.654811,12.716681,77.673108,44,43,1,0,3,1,0,0.12025886083946453,37.985,,36,0.035884740894662176,2.6601299932407034,5.282620179609086,15.847860538827257,5.282620179609086,0.0,0.0,0.023255813953488372
T00253,D17,V17,2026-07-31,20:24:00,20:55:00,31,19.45,20.1,39.4,12.850061,77.65764,12.825535,77.548299,31,28,0,0,0,0,1,0.07764051420778116,37.0,,19,0.025877994263757406,3.428396126470802,0.0,0.0,0.0,5.141388174807198,0.0,0.0
T00254,D17,V17,2026-08-02,21:33:00,21:45:00,12,5.77,18.1,35.2,12.855565,77.649403,12.830313,77.62361,12,12,0,0,2,1,0,0.16827323309630549,33.44,,4,0.08562723708418174,2.528832518763597,0.0,34.66204506065858,17.33102253032929,0.0,0.0,0.0
T00255,D17,V17,2026-08-05,16:45:00,17:06:00,21,9.18,29.3,42.8,12.83643,77.661855,12.886362,77.637767,21,19,1,0,1,1,0,0.1118786998836159,42.3,,14,0.02385475052641504,2.3049621076354123,10.893246187363834,10.893246187363834,10.893246187363834,0.0,0.0,0.05263157894736842
T00256,D18,V18,2026-07-31,13:02:00,13:27:00,25,17.39,21.1,27.7,13.043169,77.556968,13.132587,77.631501,25,23,0,0,0,1,0,0.0755590039013967,26.7,,23,0.027324167261213426,3.2193632910872294,0.0,0.0,5.750431282346176,0.0,0.0,0.0
T00257,D18,V18,2026-08-05,08:04:00,08:22:00,18,10.19,21.6,30.3,13.0278,77.544559,13.094089,77.544198,18,18,0,0,0,2,0,0.061006155446333935,30.130000000000003,,17,0.018735718790467478,3.6396153642933204,0.0,0.0,19.627085377821395,0.0,0.0,0.0
T00258,D18,V18,2026-07-31,06:16:00,06:35:00,19,9.49,24.4,32.6,13.035656,77.557484,13.070504,77.509364,19,18,0,0,0,0,2,0.06499972993665744,31.97,,17,0.06453680259808034,3.6527660751819298,0.0,0.0,0.0,21.074815595363543,0.0,0.0
T00259,D18,V18,2026-08-06,21:27:00,22:06:00,39,24.03,20.1,32.2,13.046333,77.555884,13.188416,77.496481,39,33,0,0,0,0,0,0.0647302808662287,31.01,,33,0.02737917617910521,3.246182373188543,0.0,0.0,0.0,0.0,0.0,0.0
T00260,D18,V18,2026-08-05,09:31:00,10:06:00,35,18.03,27.5,35.0,13.016735,77.5613,13.063558,77.658515,35,35,0,0,1,1,2,0.08580485178819208,34.36,,34,0.0436026938779382,3.5288561627229957,0.0,5.546311702717692,5.546311702717692,11.092623405435384,0.0,0.0
T00261,D18,V18,2026-08-01,14:22:00,14:50:00,28,16.32,31.1,39.1,13.032289,77.566951,13.022203,77.668599,28,27,0,0,0,1,0,0.08817018145550605,38.32,,21,0.029301958663216214,3.5037979393794956,0.0,0.0,6.127450980392156,0.0,0.0,0.0
T00262,D18,V18,2026-08-04,17:08:00,17:46:00,38,21.74,18.8,25.6,13.029757,77.560767,13.085889,77.68524,38,36,0,0,0,2,0,0.0803727428659182,25.3,,30,0.029526898520027284,3.2435203159117743,0.0,0.0,9.199632014719413,0.0,0.0,0.0
T00263,D18,V18,2026-08-05,18:51:00,19:16:00,25,12.79,30.4,38.1,13.028384,77.540544,13.093671,77.476436,25,24,0,0,1,0,0,0.0864301473287213,37.559999999999995,,20,0.03846430092269057,2.622020197712203,0.0,7.818608287724786,0.0,0.0,0.0,0.0
T00264,D18,V18,2026-08-01,08:43:00,08:59:00,16,9.06,28.5,35.0,13.030249,77.559629,13.001815,77.510815,16,16,0,0,0,1,0,0.04363595683677921,33.05,,16,0.03467821300856734,2.6297914618567866,0.0,0.0,11.037527593818984,0.0,0.0,0.0
T00265,D18,V18,2026-08-03,18:37:00,18:58:00,21,7.15,23.9,29.1,13.02198,77.552996,13.067869,77.543545,21,21,0,0,1,0,0,0.11193692518647204,28.4,,21,0.03958369173597774,2.869250773285598,0.0,13.986013986013985,0.0,0.0,0.0,0.0
T00266,D18,V18,2026-07-31,17:07:00,17:18:00,11,8.56,32.0,39.3,13.014414,77.568815,13.047872,77.596873,11,11,0,0,0,0,1,0.07052442949702314,39.099999999999994,,9,0.027152818024545635,2.959053902854762,0.0,0.0,0.0,11.682242990654206,0.0,0.0
T00267,D18,V18,2026-08-05,06:10:00,06:35:00,25,10.82,24.4,35.0,13.04022,77.56345,13.059497,77.630622,25,24,0,0,1,2,0,0.10098003962849698,32.239999999999995,,24,0.03269862239988731,2.9825470963700162,0.0,9.242144177449168,18.484288354898336,0.0,0.0,0.0
T00268,D18,V18,2026-08-06,14:42:00,14:58:00,16,4.81,22.2,27.0,13.033056,77.559843,13.062763,77.546664,16,16,0,0,1,0,0,0.11415896161084672,26.775,,16,0.028246446941582938,3.0501607705919556,0.0,20.79002079002079,0.0,0.0,0.0,0.0
T00269,D18,V18,2026-08-01,16:38:00,17:18:00,40,10.24,31.9,40.1,13.032653,77.558701,13.107163,77.537091,40,40,0,0,2,3,0,0.10975091931717429,38.7,,34,0.03877050847371996,3.558767867464945,0.0,19.53125,29.296875,0.0,0.0,0.0
T00270,D18,V18,2026-08-05,08:51:00,09:35:00,44,13.13,21.0,31.8,13.025178,77.548448,12.973647,77.629697,44,44,0,0,1,1,0,0.07970208866656794,25.21,,41,0.032646747041314345,2.7030353308826727,0.0,7.616146230007616,7.616146230007616,0.0,0.0,0.0
T00271,D19,V19,2026-08-06,16:37:00,17:10:00,33,15.68,22.9,54.4,12.762717,77.790197,12.789512,77.688684,33,27,4,1,1,1,1,0.13233583041032798,47.919999999999995,,15,0.03051473152422519,3.0214400540139796,25.510204081632654,6.377551020408164,6.377551020408164,6.377551020408164,6.377551020408164,0.14814814814814814
T00272,D19,V19,2026-08-02,08:05:00,08:20:00,15,8.79,19.9,33.4,12.774749,77.789457,12.72569,77.776695,15,13,0,0,1,0,2,0.14393212326955324,32.28,,10,0.04464213354556175,3.046699624646166,0.0,11.37656427758817,0.0,22.75312855517634,0.0,0.0
T00273,D19,V19,2026-07-31,20:56:00,21:41:00,45,2.29,28.1,53.2,12.775285,77.778896,12.769126,77.774474,45,41,9,2,2,3,5,0.14541057970282248,51.36,,17,0.07276926119148053,3.4550108538179733,393.0131004366812,87.33624454148472,131.00436681222706,218.34061135371178,87.33624454148472,0.21951219512195122
T00274,D19,V19,2026-08-02,21:08:00,21:46:00,38,13.42,17.0,46.6,12.780883,77.771407,12.837347,77.713836,38,29,3,0,2,0,4,0.10446800348085682,43.44,,10,0.035256805350854084,3.410049204870349,22.35469448584203,14.903129657228018,0.0,29.806259314456035,0.0,0.10344827586206896
T00275,D19,V19,2026-07-31,13:51:00,14:06:00,15,7.19,18.5,44.3,12.785886,77.77322,12.800776,77.815006,15,11,1,0,3,1,1,0.23543601677566903,38.069999999999986,,7,0.17106813092506026,3.833810115276968,13.908205841446453,41.72461752433936,13.908205841446453,13.908205841446453,0.0,0.09090909090909091
T00276,D19,V19,2026-08-01,18:52:00,19:33:00,41,18.11,32.4,59.1,12.76287,77.772043,12.64238,77.797309,41,38,13,1,9,1,2,0.21378667172580956,50.4,,17,0.08578125897111266,2.879322837057352,71.7835450027609,49.69630038652678,5.521811154058531,11.043622308117062,5.521811154058531,0.34210526315789475
T00277,D19,V19,2026-07-31,06:39:00,06:52:00,13,7.32,26.5,54.9,12.778247,77.776324,12.73666,77.794089,13,11,2,1,2,1,1,0.2179822557063794,48.899999999999984,,8,0.15340530353372223,4.735285448959695,27.322404371584696,27.322404371584696,13.661202185792348,13.661202185792348,13.661202185792348,0.18181818181818182
T00278,D19,V19,2026-08-06,08:36:00,08:47:00,11,5.63,29.8,57.8,12.761512,77.787997,12.730154,77.792475,11,10,3,1,3,1,2,0.2790279152035375,53.349999999999994,,7,0.2723698749091964,3.692302804483944,53.285968028419184,53.285968028419184,17.761989342806395,35.52397868561279,17.761989342806395,0.3
T00279,D19,V19,2026-08-01,09:26:00,09:43:00,17,10.28,18.9,46.8,12.777999,77.769787,12.833207,77.735378,17,13,1,0,0,1,0,0.10448571684701663,40.559999999999995,,7,0.030886599498204825,4.106360919354264,9.72762645914397,0.0,9.72762645914397,0.0,0.0,0.07692307692307693
T00280,D19,V19,2026-08-02,10:49:00,10:59:00,10,4.99,25.9,50.5,12.784956,77.773644,12.803615,77.79646,10,9,1,0,2,1,0,0.16045578696845858,45.77499999999999,,3,0.03730104020328414,3.076507760432273,20.040080160320638,40.080160320641276,20.040080160320638,0.0,0.0,0.1111111111111111
T00281,D19,V19,2026-08-06,08:30:00,08:43:00,13,4.37,16.0,36.6,12.778744,77.78994,12.799399,77.811447,13,10,0,0,1,2,0,0.14037499217118626,35.64,,6,0.039397935541846674,3.5170762883670736,0.0,22.88329519450801,45.76659038901602,0.0,0.0,0.0
T00282,D19,V19,2026-08-02,15:52:00,16:02:00,10,4.61,33.4,58.6,12.779101,77.770045,12.804208,77.766184,10,10,2,1,0,1,2,0.1151383934936944,52.29999999999998,,7,0.14377949673841725,4.792337634182299,43.38394793926247,0.0,21.691973969631235,43.38394793926247,21.691973969631235,0.2
T00283,D19,V19,2026-08-02,16:30:00,17:14:00,44,20.12,23.1,48.7,12.769686,77.772668,12.634773,77.85211,44,42,4,0,3,3,2,0.13817338910065863,44.365,,21,0.05758943554784753,2.902860658040616,19.880715705765407,14.910536779324055,14.910536779324055,9.940357852882704,0.0,0.09523809523809523
T00284,D19,V19,2026-08-06,14:04:00,14:19:00,15,7.82,21.7,63.3,12.777397,77.775668,12.815278,77.80624,15,12,2,1,0,1,0,0.1562075877391772,51.46999999999998,,7,0.041523574326940794,3.3990145630755983,25.575447570332482,0.0,12.787723785166241,0.0,12.787723785166241,0.16666666666666666
T00285,D19,V19,2026-08-06,09:26:00,09:44:00,18,5.69,34.5,58.8,12.774972,77.772121,12.744649,77.741574,18,18,4,2,1,1,1,0.12296273090427673,57.015,,9,0.04821286668837342,1.9497948610046134,70.298769771529,17.57469244288225,17.57469244288225,17.57469244288225,35.1493848857645,0.2222222222222222
T00286,D20,V20,2026-08-04,20:16:00,20:29:00,13,6.86,22.7,40.1,12.777114,77.779661,12.741937,77.751511,13,11,0,0,0,2,0,0.0746524695962581,39.8,,6,0.023008280834490524,3.2983238851892365,0.0,0.0,29.154518950437314,0.0,0.0,0.0
T00287,D20,V20,2026-08-04,06:05:00,06:19:00,14,8.26,31.2,44.6,12.790248,77.778761,12.755075,77.740642,14,13,2,0,1,1,0,0.11164953988782995,44.08,,8,0.02869727719213977,3.2079512764632434,24.213075060532688,12.106537530266344,12.106537530266344,0.0,0.0,0.15384615384615385
T00288,D20,V20,2026-07-31,06:33:00,07:12:00,39,12.0,24.0,39.7,12.774948,77.779714,12.722275,77.745312,39,36,0,0,2,1,0,0.10366854074817682,37.27,,26,0.03950184390657309,3.1327773755854684,0.0,16.666666666666664,8.333333333333332,0.0,0.0,0.0
T00289,D20,V20,2026-08-02,14:20:00,14:32:00,12,4.03,18.4,28.5,12.784309,77.77312,12.76903,77.754424,12,10,0,0,0,1,0,0.086168287589019,27.014999999999997,,9,0.025936390848126836,3.0635600206295943,0.0,0.0,24.813895781637715,0.0,0.0,0.0
T00290,D20,V20,2026-08-06,08:35:00,09:02:00,27,10.25,31.0,48.4,12.776356,77.769488,12.736067,77.746499,27,26,3,0,4,2,1,0.13820369268468688,46.33,,17,0.0328589425166933,3.373618235663306,29.268292682926827,39.02439024390244,19.51219512195122,9.75609756097561,0.0,0.11538461538461539
T00291,D20,V20,2026-08-06,16:53:00,17:03:00,10,4.51,20.9,30.4,12.773749,77.776932,12.769918,77.799556,10,10,0,0,0,1,0,0.11609265546058474,29.455,,8,0.028477981682192233,2.9828592655528032,0.0,0.0,22.172949002217297,0.0,0.0,0.0
T00292,D20,V20,2026-08-01,08:20:00,08:48:00,28,22.32,23.9,42.1,12.772288,77.785125,12.876202,77.742994,28,25,0,0,4,4,1,0.14272151324576735,39.1,,18,0.050720859012803814,4.288472960939961,0.0,17.921146953405017,17.921146953405017,4.480286738351254,0.0,0.0
T00293,D20,V20,2026-08-06,10:16:00,10:46:00,30,15.03,22.9,37.5,12.772361,77.787917,12.678226,77.797234,30,27,0,0,2,1,0,0.11347294516630715,36.17499999999999,,24,0.05041740511514888,3.418585863124683,0.0,13.306719893546243,6.653359946773121,0.0,0.0,0.0
T00294,D20,V20,2026-08-01,21:33:00,22:17:00,44,21.19,24.3,39.4,12.766446,77.778866,12.687456,77.641595,44,42,0,0,3,3,1,0.13344291795836485,35.269999999999996,,34,0.03387840118893791,3.439708574969411,0.0,14.15762151958471,14.15762151958471,4.719207173194903,0.0,0.0
T00295,D20,V20,2026-08-03,15:59:00,16:10:00,11,6.97,23.6,47.9,12.787322,77.774516,12.825854,77.768267,11,11,1,0,1,1,0,0.13892987320975567,39.6,,9,0.05533783945607102,2.6794215793711897,14.347202295552366,14.347202295552366,14.347202295552366,0.0,0.0,0.09090909090909091
T00296,D20,V20,2026-08-05,21:45:00,22:15:00,30,18.68,26.0,41.5,12.771871,77.770652,12.645367,77.739826,30,30,0,0,1,1,0,0.12163680429058413,38.87499999999999,,22,0.029325586460053035,3.048690136914893,0.0,5.353319057815846,5.353319057815846,0.0,0.0,0.0
T00297,D20,V20,2026-08-04,08:34:00,08:57:00,23,14.04,28.6,49.9,12.774765,77.770779,12.790036,77.673572,23,22,1,0,1,2,0,0.12101034704449114,41.58,,17,0.041887423056212084,3.234269623887285,7.122507122507122,7.122507122507122,14.245014245014245,0.0,0.0,0.045454545454545456
T00298,D20,V20,2026-08-06,16:19:00,16:43:00,24,8.45,22.3,33.6,12.773214,77.770862,12.789296,77.824389,24,21,0,0,2,2,1,0.13666399204566831,33.06999999999999,,19,0.06032650661041109,3.0407564848241297,0.0,23.668639053254438,23.668639053254438,11.834319526627219,0.0,0.0
T00299,D20,V20,2026-08-02,09:24:00,09:56:00,32,12.68,24.2,44.1,12.777973,77.778784,12.805574,77.722085,32,30,1,0,2,2,0,0.11904239549893919,36.095,,24,0.03949980663568015,3.148656953979741,7.886435331230284,15.772870662460567,15.772870662460567,0.0,0.0,0.03333333333333333
T00300,D20,V20,2026-08-04,07:38:00,08:21:00,43,24.19,23.5,37.3,12.775083,77.770222,12.903515,77.679631,43,39,0,0,3,3,1,0.1252625085739222,33.69,,35,0.03835455170777552,3.20284248754134,0.0,12.401818933443572,12.401818933443572,4.13393964448119,0.0,0.0
T00301,D21,V21,2026-07-31,08:02:00,08:43:00,41,18.17,27.5,48.1,12.960144,77.606451,12.827577,77.569407,41,38,4,0,1,4,0,0.10691469662672766,45.3,,29,0.03205038336986913,3.3842428990839295,22.014309301045678,5.5035773252614195,22.014309301045678,0.0,0.0,0.10526315789473684
T00302,D21,V23,2026-08-01,12:34:00,13:06:00,32,15.77,21.1,44.3,12.973577,77.598822,12.932084,77.675587,32,28,1,0,1,1,1,0.10674436469198652,35.23,,22,0.0531799727134546,3.621830883116754,6.341154090044389,6.341154090044389,6.341154090044389,6.341154090044389,0.0,0.03571428571428571
T00303,D21,V21,2026-08-04,12:57:00,13:28:00,31,13.29,31.1,50.6,12.990543,77.599503,13.091564,77.590452,31,28,7,0,1,1,2,0.09481812178166962,48.35,,16,0.03404531242866163,3.543520543901028,52.6711813393529,7.524454477050415,7.524454477050415,15.04890895410083,0.0,0.25
T00304,D21,V21,2026-08-03,08:08:00,08:53:00,45,16.69,24.8,46.5,12.985542,77.605352,13.099795,77.643394,45,43,1,0,3,5,1,0.11630441536604046,38.779999999999994,,36,0.04194171026029132,3.3969189201318315,5.991611743559017,17.97483523067705,29.958058717795083,5.991611743559017,0.0,0.023255813953488372
T00305,D21,V21,2026-08-05,15:29:00,15:42:00,13,5.13,20.9,31.0,12.977807,77.598717,13.012725,77.58873,13,12,0,0,0,0,0,0.060417508700857256,29.139999999999993,,11,0.023721937990999108,2.077137453323684,0.0,0.0,0.0,0.0,0.0,0.0
T00306,D21,V21,2026-07-31,10:06:00,10:39:00,33,11.58,30.8,46.8,12.977851,77.606936,13.004024,77.69168,33,32,2,0,2,3,0,0.1403392140633736,42.98,,21,0.04986723635475222,2.911631844859511,17.271157167530223,17.271157167530223,25.906735751295333,0.0,0.0,0.0625
T00307,D21,V29,2026-08-03,07:40:00,08:18:00,38,9.46,18.0,31.6,12.972842,77.603291,12.940913,77.561789,38,33,0,0,0,1,1,0.08183202259302749,29.715,,24,0.030269807195186824,2.9645954165484354,0.0,0.0,10.570824524312895,10.570824524312895,0.0,0.0
T00308,D21,V21,2026-08-05,18:48:00,19:27:00,39,19.68,27.8,45.0,12.974996,77.592699,12.993953,77.448035,39,37,1,0,0,3,0,0.0927646236504551,38.5,,26,0.02775011263663987,3.9705837232358245,5.08130081300813,0.0,15.24390243902439,0.0,0.0,0.02702702702702703
T00309,D21,V21,2026-08-04,16:12:00,16:45:00,33,13.11,20.2,35.8,12.980274,77.612112,13.060175,77.593696,33,29,0,0,2,1,1,0.12093843923330272,35.58,,20,0.043383352688433977,2.6207328138722277,0.0,15.255530129672007,7.627765064836003,7.627765064836003,0.0,0.0
T00310,D21,V21,2026-08-02,18:49:00,19:15:00,26,8.85,25.4,38.4,12.967992,77.614853,12.96012,77.682227,26,26,0,0,1,2,0,0.08759490808375059,36.75,,22,0.039587108679017276,3.5526160640472897,0.0,11.299435028248588,22.598870056497177,0.0,0.0,0.0
T00311,D21,V21,2026-07-31,11:35:00,12:12:00,37,11.33,26.1,59.5,12.965192,77.599059,12.900618,77.572075,37,37,1,1,1,1,1,0.0973595587990315,37.18,,29,0.03635515562867182,3.0282668310437906,8.8261253309797,8.8261253309797,8.8261253309797,8.8261253309797,8.8261253309797,0.02702702702702703
T00312,D21,V21,2026-08-05,14:55:00,15:29:00,34,21.52,19.3,37.7,12.979031,77.598294,13.106771,77.529286,34,31,0,0,1,5,2,0.12158362500529994,34.474999999999994,,21,0.07113835151603023,3.7084498109048205,0.0,4.646840148698885,23.234200743494423,9.29368029739777,0.0,0.0
T00313,D21,V21,2026-08-06,08:37:00,09:01:00,24,14.88,24.2,39.9,12.968358,77.606051,13.048922,77.550931,24,22,0,0,0,0,0,0.08775303976334937,37.06999999999999,,17,0.028266257436281448,2.5549559683094345,0.0,0.0,0.0,0.0,0.0,0.0
T00314,D21,V21,2026-08-06,12:02:00,12:32:00,30,16.1,25.8,43.3,12.974296,77.611167,12.906655,77.705228,30,27,2,0,0,0,0,0.07479588630292001,41.64999999999999,,20,0.028179456335698894,2.778707713532734,12.422360248447204,0.0,0.0,0.0,0.0,0.07407407407407407
T00315,D21,V21,2026-08-06,19:18:00,19:34:00,16,6.23,29.4,44.5,12.974802,77.621288,12.983993,77.660051,16,15,2,0,2,0,0,0.11814256085489153,43.075,,9,0.03499974573534186,2.5601562452319193,32.102728731942214,32.102728731942214,0.0,0.0,0.0,0.13333333333333333
T00316,D22,V22,2026-08-03,14:48:00,14:58:00,10,4.6,26.1,37.5,12.984127,77.604746,13.007312,77.580843,10,8,0,0,0,0,0,0.07754606825938971,36.464999999999996,,6,0.020409432438633857,3.4162786024511576,0.0,0.0,0.0,0.0,0.0,0.0
T00317,D22,V22,2026-08-05,18:58:00,19:26:00,28,12.59,20.0,27.6,12.97742,77.60826,12.964268,77.701301,28,25,0,0,0,2,1,0.08381774954339119,25.744999999999997,,25,0.03890328356367495,3.5733737559902687,0.0,0.0,15.885623510722796,7.942811755361398,0.0,0.0
T00318,D22,V22,2026-08-06,18:32:00,19:15:00,43,14.81,17.6,31.3,12.963593,77.618514,12.898829,77.707029,43,39,0,0,0,1,2,0.07721972833041599,25.74,,31,0.030740173410265827,3.113679495388053,0.0,0.0,6.7521944632005395,13.504388926401079,0.0,0.0
T00319,D22,V22,2026-08-05,21:48:00,22:26:00,38,17.88,20.3,30.6,12.98558,77.596183,13.116924,77.609511,38,35,0,0,0,1,2,0.09558887604391243,27.705000000000002,,33,0.04026664901219714,2.9950626036862733,0.0,0.0,5.592841163310962,11.185682326621924,0.0,0.0
T00320,D22,V22,2026-07-31,19:03:00,19:48:00,45,15.92,25.0,33.5,12.965233,77.617843,12.849747,77.59055,45,44,0,0,1,0,1,0.07309121023479273,31.74,,44,0.03650094617628583,3.4430730787897694,0.0,6.281407035175879,0.0,6.281407035175879,0.0,0.0
T00321,D22,V22,2026-08-06,14:15:00,14:56:00,41,26.67,28.9,42.8,12.966907,77.610046,12.90448,77.458163,41,38,1,0,1,1,0,0.10457896695654163,38.2,,30,0.033891959672745234,3.583171409210647,3.7495313085864264,3.7495313085864264,3.7495313085864264,0.0,0.0,0.02631578947368421
T00322,D22,V22,2026-08-03,09:37:00,10:20:00,43,10.42,18.8,27.3,12.971139,77.596907,12.964899,77.524126,43,39,0,0,1,0,1,0.08668533467470713,25.2,,36,0.030707492388189688,2.821560585638192,0.0,9.596928982725528,0.0,9.596928982725528,0.0,0.0
T00323,D22,V22,2026-08-02,21:31:00,21:46:00,15,8.79,28.1,35.6,12.97722,77.589985,13.010775,77.549937,15,14,0,0,0,0,1,0.07200586293617038,34.9,,12,0.02320064174920707,4.143602290335686,0.0,0.0,0.0,11.37656427758817,0.0,0.0
T00324,D22,V22,2026-08-02,06:54:00,07:33:00,39,16.51,17.0,24.2,12.975109,77.601579,13.031546,77.507889,39,36,0,0,0,0,1,0.08093074785055332,23.91,,29,0.03958706052723489,2.6255285182225694,0.0,0.0,0.0,6.0569351907934585,0.0,0.0
T00325,D22,V22,2026-08-06,21:43:00,22:27:00,44,20.74,24.0,33.8,12.974436,77.614072,13.11455,77.62041,44,42,0,0,0,2,0,0.08675682731895808,30.369999999999997,,41,0.032190580415263015,3.045570554099839,0.0,0.0,9.643201542912246,0.0,0.0,0.0
T00326,D22,V22,2026-08-03,16:59:00,17:15:00,16,5.74,28.0,39.4,12.960843,77.594126,12.920578,77.59879,16,16,0,0,0,1,0,0.06145031471030932,36.625,,13,0.02439195364216807,3.765076360447421,0.0,0.0,17.421602787456443,0.0,0.0,0.0
T00327,D22,V22,2026-08-01,10:11:00,10:47:00,36,20.38,23.0,32.4,12.962418,77.619008,12.830851,77.69524,36,34,0,0,0,1,0,0.08799226016588702,29.75,,34,0.027413053901936952,3.355654825483989,0.0,0.0,4.906771344455349,0.0,0.0,0.0
T00328,D22,V22,2026-08-06,06:09:00,06:22:00,13,6.7,24.3,32.2,12.969332,77.612381,12.995361,77.63457,13,13,0,0,1,1,0,0.11405838534933785,29.559999999999995,,13,0.030746475107134155,3.263035396682052,0.0,14.925373134328357,14.925373134328357,0.0,0.0,0.0
T00329,D22,V22,2026-08-04,19:48:00,20:23:00,35,18.3,25.8,36.7,12.971685,77.597302,12.827202,77.594683,35,31,0,0,1,0,0,0.07460108860547522,35.71,,25,0.028465066476641487,3.0165874759403217,0.0,5.46448087431694,0.0,0.0,0.0,0.0
T00330,D22,V22,2026-08-06,14:25:00,14:37:00,12,4.14,15.0,26.4,12.978786,77.603684,12.998663,77.582109,12,10,0,0,0,0,0,0.06293424962033159,24.804999999999996,,7,0.03293878034050563,3.57246413557925,0.0,0.0,0.0,0.0,0.0,0.0
T00331,D23,V23,2026-08-02,19:30:00,20:15:00,45,22.43,25.8,69.8,13.015884,77.547277,12.950426,77.680497,45,38,8,1,6,2,0,0.1894447853637815,47.56,,17,0.0845692911140443,2.765158223321045,35.666518056174766,26.749888542131075,8.916629514043692,0.0,4.458314757021846,0.21052631578947367
T00332,D23,V23,2026-08-04,19:01:00,19:11:00,10,6.07,31.5,52.8,13.034979,77.557345,13.05558,77.582521,10,10,2,1,1,0,0,0.1238544775851631,52.169999999999995,,4,0.029514917928208734,2.7623140358978384,32.948929159802304,16.474464579901152,0.0,0.0,16.474464579901152,0.2
T00333,D23,V23,2026-08-03,14:52:00,15:20:00,28,12.93,34.7,55.8,13.030805,77.559867,13.125941,77.542895,28,26,9,2,3,0,1,0.15883674232665015,53.875,,8,0.05970234132066629,2.9472738463633714,69.60556844547564,23.20185614849188,0.0,7.733952049497293,15.467904098994586,0.34615384615384615
T00334,D23,V23,2026-08-06,15:43:00,15:57:00,14,9.14,29.9,70.2,13.022381,77.554559,12.985406,77.507842,14,13,2,1,3,1,1,0.1912716611513614,54.404999999999994,,9,0.05305262523273356,2.585207922005501,21.88183807439825,32.822757111597376,10.940919037199125,10.940919037199125,10.940919037199125,0.15384615384615385
T00335,D23,V23,2026-08-06,13:07:00,13:47:00,40,7.55,21.2,69.8,13.020855,77.545885,12.983569,77.511003,40,31,5,3,2,2,5,0.14161126652465433,54.58,,17,0.08496745007665356,3.027507225424904,66.22516556291392,26.490066225165563,26.490066225165563,66.22516556291392,39.735099337748345,0.16129032258064516
T00336,D23,V23,2026-07-31,11:46:00,12:22:00,36,11.27,22.6,54.5,13.028078,77.5587,13.076614,77.603281,36,31,4,1,1,1,3,0.12770357316857944,48.3,,16,0.07477973013930936,2.819564041948743,35.4924578527063,8.873114463176575,8.873114463176575,26.619343389529725,8.873114463176575,0.12903225806451613
T00337,D23,V23,2026-08-01,10:13:00,10:49:00,36,15.19,26.6,59.8,13.037521,77.557422,13.134838,77.581824,36,34,4,3,6,4,5,0.18907066841476533,58.025,,18,0.07032795754711099,3.5957094409553045,26.33311389071758,39.49967083607637,26.33311389071758,32.91639236339697,19.749835418038185,0.11764705882352941
T00338,D23,V23,2026-08-05,21:08:00,21:52:00,44,27.07,24.7,62.8,13.026246,77.561866,13.177602,77.489377,44,41,4,3,7,2,2,0.17280535716674253,58.570000000000014,,22,0.05250715507900348,3.221791418140058,14.776505356483192,25.858884373845587,7.388252678241596,7.388252678241596,11.082379017362394,0.0975609756097561
T00339,D23,V23,2026-08-06,08:44:00,09:28:00,44,19.97,20.4,58.4,13.026728,77.568501,13.154852,77.552079,44,37,4,2,6,0,4,0.166957173984584,46.330000000000005,,19,0.061205083555088004,3.673254687603352,20.030045067601403,30.045067601402103,0.0,20.030045067601403,10.015022533800702,0.10810810810810811
T00340,D23,V23,2026-08-01,14:27:00,15:07:00,40,12.15,20.3,59.8,13.040105,77.546348,13.122086,77.546493,40,35,3,1,2,4,2,0.12975411445451798,43.065,,15,0.050761915534137114,2.704089495560382,24.691358024691358,16.46090534979424,32.92181069958848,16.46090534979424,8.23045267489712,0.08571428571428572
T00341,D23,V23,2026-07-31,06:20:00,06:47:00,27,12.13,21.0,44.7,13.022323,77.549111,13.098471,77.530554,27,23,1,0,1,3,1,0.14558751533113834,39.88999999999999,,15,0.07655841092906875,4.024052683551745,8.244023083264633,8.244023083264633,24.7320692497939,8.244023083264633,0.0,0.043478260869565216
T00342,D23,V23,2026-08-04,17:03:00,17:26:00,23,12.35,29.3,50.2,13.043786,77.559339,13.025017,77.651056,23,19,4,0,2,0,5,0.15857779774840286,48.85999999999999,,8,0.09692750047798523,2.8244937709567575,32.388663967611336,16.194331983805668,0.0,40.48582995951417,0.0,0.21052631578947367
T00343,D23,V23,2026-08-04,15:20:00,15:45:00,25,11.03,20.8,56.8,13.023648,77.549376,12.957388,77.52273,25,21,3,1,3,1,1,0.17092537401695282,47.51999999999998,,12,0.078158943378423,3.7206279947478933,27.198549410698096,27.198549410698096,9.066183136899365,9.066183136899365,9.066183136899365,0.14285714285714285
T00344,D23,V23,2026-07-31,14:57:00,15:07:00,10,6.11,18.0,39.6,13.025918,77.544867,13.051634,77.506415,10,7,0,0,0,1,1,0.10479131815272331,37.035,,5,0.042945285174560935,1.945276329985023,0.0,0.0,16.366612111292962,16.366612111292962,0.0,0.0
T00345,D23,V23,2026-08-04,07:46:00,08:21:00,35,12.4,24.0,60.7,13.021217,77.559727,12.993677,77.642888,35,32,3,1,1,4,1,0.12119644118239857,44.489999999999995,,21,0.054328146368593705,3.610457034781054,24.193548387096772,8.064516129032258,32.25806451612903,8.064516129032258,8.064516129032258,0.09375
T00346,D24,V24,2026-08-04,17:44:00,18:06:00,22,15.36,19.5,62.5,12.930932,77.67206,12.881507,77.608241,22,19,1,1,2,1,2,0.1301551344376162,36.160000000000004,,8,0.08652293597845799,3.2416272131359323,6.510416666666667,13.020833333333334,6.510416666666667,13.020833333333334,6.510416666666667,0.05263157894736842
T00347,D24,V24,2026-08-04,11:51:00,12:29:00,38,15.03,26.5,67.0,12.911989,77.666608,12.818822,77.664938,38,34,6,3,2,3,4,0.1173914428891878,52.98999999999999,,17,0.049830722051517624,3.1247079863564853,39.920159680638726,13.306719893546243,19.960079840319363,26.613439787092485,19.960079840319363,0.17647058823529413
T00348,D24,V24,2026-08-01,21:11:00,21:33:00,22,14.27,22.8,47.1,12.920383,77.665836,12.833872,77.642577,22,19,2,0,2,2,2,0.14210344205124284,45.105,,10,0.03970617982697735,3.1522640053138886,14.01541695865452,14.01541695865452,14.01541695865452,14.01541695865452,0.0,0.10526315789473684
T00349,D24,V24,2026-08-04,14:31:00,15:00:00,29,16.9,28.9,56.2,12.921056,77.663815,12.979593,77.567707,29,25,7,3,2,1,3,0.13046246779956247,54.12,,14,0.10668671131102957,2.5164879567835396,41.42011834319527,11.834319526627219,5.9171597633136095,17.751479289940832,17.751479289940832,0.28
T00350,D24,V24,2026-08-06,21:53:00,22:35:00,42,21.2,27.6,68.5,12.929389,77.666351,12.982027,77.810935,42,35,7,2,5,3,2,0.18487924830575628,52.095,,19,0.04540333462709262,3.3436955603044964,33.01886792452831,23.58490566037736,14.150943396226415,9.433962264150944,9.433962264150944,0.2
T00351,D24,V24,2026-07-31,18:24:00,19:09:00,45,32.19,24.7,54.2,12.923053,77.666246,12.736149,77.747301,45,39,10,1,4,1,2,0.1421164988901232,48.0,,19,0.10527823848069645,2.966260271790053,31.06554830692762,12.426219322771049,3.106554830692762,6.213109661385524,3.106554830692762,0.2564102564102564
T00352,D24,V24,2026-08-02,08:54:00,09:17:00,23,9.59,29.1,56.1,12.924285,77.680101,12.923545,77.736495,23,21,4,2,4,1,1,0.21006744206533629,51.97999999999999,,12,0.052806910681103734,2.4332517338507778,41.71011470281543,41.71011470281543,10.427528675703858,10.427528675703858,20.855057351407716,0.19047619047619047
T00353,D24,V24,2026-08-01,17:51:00,18:03:00,12,7.4,28.4,41.2,12.931049,77.677798,12.948665,77.714309,12,12,0,0,0,1,0,0.112063922559366,39.55,,10,0.035905454071654096,4.2958945685892855,0.0,0.0,13.513513513513512,0.0,0.0,0.0
T00354,D24,V23,2026-08-01,08:18:00,09:02:00,44,13.82,25.0,45.2,12.926603,77.662051,12.849059,77.724287,44,42,1,0,8,6,4,0.19278063986934563,38.375,,29,0.07898224292735348,3.5193891515432054,7.23589001447178,57.88712011577424,43.41534008683068,28.94356005788712,0.0,0.023809523809523808
T00355,D24,V24,2026-07-31,07:23:00,08:05:00,42,7.91,22.1,49.4,12.931847,77.676751,12.920511,77.620547,42,34,3,0,3,1,3,0.14552364813912966,43.724999999999994,,19,0.04853429680317577,3.7625257474202085,37.92667509481669,37.92667509481669,12.64222503160556,37.92667509481669,0.0,0.08823529411764706
T00356,D24,V24,2026-08-04,17:47:00,18:27:00,40,20.1,28.7,57.7,12.923409,77.662123,12.921912,77.522935,40,35,9,3,5,1,5,0.17525756634683476,53.79,,18,0.08336667639865042,3.146143471179185,44.776119402985074,24.87562189054726,4.975124378109452,24.87562189054726,14.925373134328357,0.2571428571428571
T00357,D24,V24,2026-08-02,11:27:00,11:57:00,30,10.5,35.7,69.3,12.918998,77.666755,12.970223,77.619208,30,28,9,5,2,1,1,0.11572029224684523,57.54999999999998,,8,0.04412173285591728,3.156223908321743,85.71428571428571,19.047619047619047,9.523809523809524,9.523809523809524,47.61904761904761,0.32142857142857145
T00358,D24,V24,2026-08-05,17:59:00,18:25:00,26,12.02,25.5,50.8,12.919011,77.654799,12.869758,77.611518,26,22,3,0,2,2,2,0.1326703184634775,46.074999999999996,,14,0.04103968839067318,3.8510768695128315,24.958402662229616,16.63893510815308,16.63893510815308,16.63893510815308,0.0,0.13636363636363635
T00359,D24,V24,2026-08-01,17:55:00,18:24:00,29,13.09,29.6,57.4,12.920727,77.665507,12.976503,77.650229,29,27,8,1,1,1,5,0.09687609923908978,48.46,,14,0.05829860646503262,3.158220708941715,61.11535523300229,7.639419404125286,7.639419404125286,38.19709702062643,7.639419404125286,0.2962962962962963
T00360,D24,V24,2026-08-04,08:58:00,09:14:00,16,4.84,25.5,46.1,12.913267,77.651828,12.892236,77.667795,16,13,2,0,1,2,0,0.14929014235565827,44.825,,10,0.039682381430515924,4.207967713650735,41.32231404958678,20.66115702479339,41.32231404958678,0.0,0.0,0.15384615384615385
T00361,D25,V25,2026-08-01,18:23:00,18:48:00,25,11.0,24.9,37.2,12.989673,77.545702,12.963365,77.492503,25,22,0,0,0,2,0,0.10846532958975269,34.04,,21,0.03993375078036035,2.854522727182252,0.0,0.0,18.181818181818183,0.0,0.0,0.0
T00362,D25,V25,2026-08-04,21:11:00,21:22:00,11,5.74,30.3,46.1,12.990056,77.558398,12.989935,77.524507,11,11,1,0,1,1,1,0.1295274254297861,43.150000000000006,,8,0.06445296072024183,3.0572723275845712,17.421602787456443,17.421602787456443,17.421602787456443,17.421602787456443,0.0,0.09090909090909091
T00363,D25,V25,2026-07-31,21:30:00,21:53:00,23,13.81,17.3,39.1,12.977082,77.560364,12.896608,77.534908,23,20,0,0,0,0,3,0.06528613616052685,26.18,,14,0.04708818638180776,2.4228421693617794,0.0,0.0,0.0,21.72338884866039,0.0,0.0
T00364,D25,V25,2026-08-04,15:41:00,16:07:00,26,18.51,19.6,39.9,12.978441,77.54969,12.870649,77.486702,26,24,0,0,4,2,0,0.21924407516728397,30.525,,16,0.06743738877044553,3.3925160975257462,0.0,21.609940572663426,10.804970286331713,0.0,0.0,0.0
T00365,D25,V25,2026-08-01,09:06:00,09:48:00,42,24.82,29.8,51.1,12.988729,77.559283,12.849207,77.496195,42,37,5,0,2,3,3,0.09983790173292667,43.595,,23,0.0646454654341581,3.761382724477795,20.1450443190975,8.058017727639001,12.087026591458502,12.087026591458502,0.0,0.13513513513513514
T00366,D25,V25,2026-08-06,21:06:00,21:38:00,32,9.26,30.7,49.0,13.001606,77.553167,13.047547,77.528928,32,29,5,0,1,2,2,0.12905874037753526,46.945,,13,0.05099242529480962,3.52432972350772,53.99568034557235,10.799136069114471,21.598272138228943,21.598272138228943,0.0,0.1724137931034483
T00367,D25,V25,2026-08-04,18:24:00,19:00:00,36,17.45,26.6,45.1,12.987625,77.566549,12.860029,77.555831,36,35,1,0,1,3,2,0.105940320425922,40.925,,28,0.047118659299624076,2.8177590971766,5.730659025787966,5.730659025787966,17.191977077363898,11.461318051575931,0.0,0.02857142857142857
T00368,D25,V25,2026-07-31,12:03:00,12:46:00,43,23.73,23.0,42.7,13.003583,77.553526,13.112472,77.400268,43,39,1,0,3,4,0,0.15376187042278533,37.64999999999999,,34,0.048467005528200865,3.346550711788689,4.214075010535188,12.64222503160556,16.856300042140752,0.0,0.0,0.02564102564102564
T00369,D25,V25,2026-08-06,16:51:00,17:23:00,32,18.87,16.1,33.1,12.976413,77.564616,12.905075,77.670562,32,28,0,0,4,0,1,0.14828461297384726,31.15,,18,0.05264220347203982,2.8838700521498284,0.0,21.197668256491784,0.0,5.299417064122946,0.0,0.0
T00370,D25,V25,2026-08-03,06:38:00,06:51:00,13,7.51,20.2,33.4,12.995819,77.550638,13.028852,77.516026,13,13,0,0,1,1,1,0.12084110952921481,33.099999999999994,,9,0.12123644070847751,4.000699938760716,0.0,13.315579227696405,13.315579227696405,13.315579227696405,0.0,0.0
T00371,D25,V25,2026-07-31,13:45:00,14:03:00,18,9.05,27.4,44.1,12.993929,77.560931,13.007158,77.620114,18,17,1,0,0,2,6,0.08230747887980647,41.125,,13,0.11276804482820044,4.104875150354758,11.049723756906078,0.0,22.099447513812155,66.29834254143645,0.0,0.058823529411764705
T00372,D25,V25,2026-08-03,19:48:00,20:33:00,45,13.56,27.2,46.1,12.993917,77.55458,13.083577,77.561307,45,43,1,0,2,2,2,0.13961418113191762,40.12,,31,0.048818162719572726,3.6146507438478754,7.374631268436578,14.749262536873156,14.749262536873156,14.749262536873156,0.0,0.023255813953488372
T00373,D25,V25,2026-08-03,18:45:00,19:06:00,21,10.0,16.0,38.2,13.00084,77.541027,12.990516,77.471848,21,16,0,0,0,1,3,0.09516593384906573,29.2,,10,0.04839793949401795,3.098279170815534,0.0,0.0,10.0,30.0,0.0,0.0
T00374,D25,V25,2026-08-04,08:08:00,08:49:00,41,12.55,24.4,43.0,12.98886,77.5471,12.991406,77.457206,41,38,2,0,1,2,6,0.10694029471579658,39.2,,29,0.050026293428997434,3.4572387826125053,15.936254980079681,7.968127490039841,15.936254980079681,47.80876494023904,0.0,0.05263157894736842
T00375,D25,V25,2026-08-01,12:21:00,12:52:00,31,10.74,14.4,31.8,12.983568,77.558855,12.969758,77.634892,31,27,0,0,1,2,6,0.09317110845674945,26.35,,16,0.07080932262912504,2.9943383247306565,0.0,9.31098696461825,18.6219739292365,55.865921787709496,0.0,0.0
T00376,D26,V26,2026-08-02,10:28:00,10:47:00,19,11.35,31.1,42.3,12.777659,77.7621,12.72845,77.714377,19,18,0,0,0,0,2,0.09013308368528272,40.949999999999996,,10,0.027513412164233197,3.034892129245105,0.0,0.0,0.0,17.62114537444934,0.0,0.0
T00377,D26,V26,2026-08-04,16:10:00,16:48:00,38,15.33,18.4,25.6,12.760433,77.773013,12.679234,77.750579,38,34,0,0,0,2,4,0.09785076140194836,25.09,,31,0.0407570579499271,2.1899086738948728,0.0,0.0,13.04631441617743,26.09262883235486,0.0,0.0
T00378,D26,V21,2026-08-01,08:41:00,09:10:00,29,20.4,31.1,41.0,12.778979,77.77035,12.881481,77.747137,29,27,0,0,0,1,0,0.07090363812933181,40.46,,16,0.020311353636160136,2.9671453675154584,0.0,0.0,4.901960784313726,0.0,0.0,0.0
T00379,D26,V26,2026-08-06,12:15:00,12:32:00,17,9.24,30.0,39.5,12.776966,77.774091,12.77563,77.715159,17,16,0,0,0,1,1,0.10008251093034422,37.58,,14,0.044321933635638175,2.8965578602407893,0.0,0.0,10.822510822510822,10.822510822510822,0.0,0.0
T00380,D26,V26,2026-07-31,18:03:00,18:37:00,34,19.69,33.9,43.3,12.782716,77.772285,12.916604,77.788346,34,33,1,0,1,1,3,0.09834263877824169,40.95,,16,0.04295830538116524,2.9143681884619133,5.078720162519045,5.078720162519045,5.078720162519045,15.236160487557134,0.0,0.030303030303030304
T00381,D26,V03,2026-08-02,11:47:00,12:13:00,26,13.07,19.4,30.1,12.774933,77.772199,12.729531,77.705606,26,23,0,0,1,0,1,0.08235560885916558,28.525,,22,0.033101729059980704,2.4244589033510637,0.0,7.651109410864574,0.0,7.651109410864574,0.0,0.0
T00382,D26,V26,2026-08-06,15:12:00,15:38:00,26,10.95,24.9,39.1,12.781946,77.781444,12.843299,77.736152,26,22,0,0,1,1,3,0.08968698323107686,37.675,,18,0.08967946843377268,4.164272511053464,0.0,9.132420091324201,9.132420091324201,27.397260273972606,0.0,0.0
T00383,D26,V26,2026-08-05,11:47:00,12:32:00,45,16.44,18.1,28.7,12.770661,77.771486,12.691328,77.841056,45,42,0,0,0,1,5,0.07528612563763376,24.219999999999995,,38,0.06341306730718255,3.5089070376363285,0.0,0.0,6.08272506082725,30.41362530413625,0.0,0.0
T00384,D26,V26,2026-08-04,17:17:00,17:27:00,10,4.47,21.4,24.0,12.784075,77.772941,12.798383,77.797385,10,10,0,0,0,0,1,0.09334978497584383,23.775,,10,0.04365365856745007,2.0678814206744716,0.0,0.0,0.0,22.371364653243848,0.0,0.0
T00385,D26,V26,2026-08-02,16:54:00,17:24:00,30,18.3,20.8,34.1,12.773687,77.767009,12.667697,77.710653,30,27,0,0,1,0,2,0.1417027030822067,29.934999999999988,,27,0.07920717674962699,3.1222748117358283,0.0,5.46448087431694,0.0,10.92896174863388,0.0,0.0
T00386,D26,V26,2026-07-31,16:24:00,17:06:00,42,21.24,18.9,31.1,12.786672,77.778536,12.886646,77.742276,42,37,0,0,1,1,1,0.08840526029775685,26.775,,37,0.045913314163532816,3.0935093340735214,0.0,4.708097928436912,4.708097928436912,4.708097928436912,0.0,0.0
T00387,D26,V26,2026-08-04,18:35:00,18:53:00,18,7.1,28.1,38.5,12.77989,77.76751,12.740828,77.735664,18,17,0,0,1,1,0,0.1292464494312643,36.375,,13,0.039655349641795845,2.5357641846196977,0.0,14.084507042253522,14.084507042253522,0.0,0.0,0.0
T00388,D26,V26,2026-08-05,18:59:00,19:31:00,32,18.94,23.6,35.4,12.76466,77.772185,12.700961,77.880427,32,29,0,0,0,0,1,0.08242723480501737,32.695,,28,0.042399807033916104,3.5483349482590834,0.0,0.0,0.0,5.279831045406547,0.0,0.0
T00389,D26,V26,2026-08-03,19:49:00,20:03:00,14,6.6,25.6,35.2,12.774417,77.769532,12.75242,77.800973,14,13,0,0,0,0,1,0.08549029530588724,33.38,,12,0.03647132676831765,2.4384785479661657,0.0,0.0,0.0,15.151515151515152,0.0,0.0
T00390,D26,V26,2026-08-06,13:16:00,13:55:00,39,16.56,27.2,36.9,12.77486,77.770635,12.848114,77.688829,39,35,0,0,0,1,4,0.08385865022850944,34.800000000000004,,33,0.03503949580596262,2.427447218787671,0.0,0.0,6.038647342995169,24.154589371980677,0.0,0.0
T00391,D27,V27,2026-08-02,20:43:00,21:06:00,23,12.3,23.9,47.3,12.980737,77.551269,12.933109,77.489217,23,20,2,0,0,1,0,0.09845821432950537,44.23999999999999,,13,0.04463246295491822,2.712489631316588,16.260162601626014,0.0,8.130081300813007,0.0,0.0,0.1
T00392,D27,V27,2026-08-03,07:28:00,07:41:00,13,9.89,27.4,43.3,12.982431,77.563874,12.95479,77.612011,13,13,1,0,0,0,1,0.06403581468846818,42.76,,9,0.031774921308139845,2.6040545309190435,10.111223458038422,0.0,0.0,10.111223458038422,0.0,0.07692307692307693
T00393,D27,V27,2026-08-05,14:28:00,15:13:00,45,18.97,22.1,33.8,12.995142,77.552592,12.967304,77.403967,45,43,0,0,2,0,0,0.1016153562963653,32.67999999999999,,41,0.03860059718885121,2.684715999877827,0.0,10.542962572482868,0.0,0.0,0.0,0.0
T00394,D27,V27,2026-08-03,11:22:00,11:57:00,35,21.17,27.5,39.1,12.982249,77.565006,12.853452,77.655554,35,33,0,0,2,2,1,0.12601731620869158,38.1,,25,0.03354386208085576,3.0097342075339473,0.0,9.447331128956069,9.447331128956069,4.7236655644780345,0.0,0.0
T00395,D27,V27,2026-08-03,08:44:00,09:02:00,18,9.8,20.5,42.3,12.980722,77.551746,12.943438,77.500629,18,16,0,0,1,1,1,0.07787406815878456,34.734999999999985,,14,0.03750359818717769,3.441645159770075,0.0,10.20408163265306,10.20408163265306,10.20408163265306,0.0,0.0
T00396,D27,V27,2026-08-01,14:57:00,15:16:00,19,7.9,17.6,32.0,12.99308,77.553828,13.030827,77.586898,19,15,0,0,1,2,1,0.1364042688091808,31.459999999999997,,13,0.03800013278340986,3.618549433129248,0.0,12.658227848101264,25.316455696202528,12.658227848101264,0.0,0.0
T00397,D27,V27,2026-08-05,08:12:00,08:26:00,14,8.74,18.8,30.2,12.99154,77.551016,12.946519,77.563313,14,13,0,0,0,1,1,0.095276926794383,29.16,,10,0.0950020569353052,3.6508594651257473,0.0,0.0,11.441647597254004,11.441647597254004,0.0,0.0
T00398,D27,V27,2026-08-06,08:49:00,09:25:00,36,14.8,29.8,51.3,12.981469,77.559878,12.971626,77.663689,36,33,4,0,1,1,0,0.08505746539132165,45.575,,22,0.028718796659281665,2.8447415173410926,27.027027027027025,6.756756756756756,6.756756756756756,0.0,0.0,0.12121212121212122
T00399,D27,V27,2026-07-31,21:06:00,21:17:00,11,6.0,24.8,45.7,12.998334,77.549993,13.035519,77.55661,11,11,1,0,1,0,0,0.10318289156241062,41.400000000000006,,9,0.04019025064774742,2.898033816227823,16.666666666666664,16.666666666666664,0.0,0.0,0.0,0.09090909090909091
T00400,D27,V27,2026-07-31,09:23:00,09:38:00,15,7.65,24.5,37.0,12.987086,77.549844,12.939137,77.538122,15,14,0,0,0,1,0,0.07906808331982401,35.809999999999995,,12,0.023380386324435048,2.661512081768484,0.0,0.0,13.071895424836603,0.0,0.0,0.0
T00401,D27,V27,2026-08-06,12:04:00,12:34:00,30,12.18,21.7,42.7,12.989715,77.558606,13.022554,77.631056,30,27,1,0,0,1,0,0.08034280904239122,35.67499999999999,,24,0.02607042234950854,3.043296376631769,8.210180623973727,0.0,8.210180623973727,0.0,0.0,0.037037037037037035
T00402,D27,V27,2026-08-01,11:17:00,11:46:00,29,12.4,21.0,40.1,12.994155,77.557576,13.06395,77.603301,29,25,0,0,2,2,0,0.1267005195186777,37.94,,18,0.03649997190407307,3.191259197785074,0.0,16.129032258064516,16.129032258064516,0.0,0.0,0.0
T00403,D27,V27,2026-07-31,13:01:00,13:34:00,33,11.2,22.5,40.0,12.988264,77.559582,12.915778,77.545975,33,30,0,0,2,3,0,0.11253876517381801,37.04,,25,0.04658499037657125,3.2113704239779004,0.0,17.857142857142858,26.785714285714285,0.0,0.0,0.0
T00404,D27,V27,2026-08-05,12:31:00,13:00:00,29,8.97,19.6,35.0,12.994775,77.55801,12.932957,77.567112,29,27,0,0,1,2,1,0.08179607014818523,32.53999999999999,,21,0.057306004210973704,3.462094741626809,0.0,11.148272017837234,22.29654403567447,11.148272017837234,0.0,0.0
T00405,D27,V27,2026-08-06,19:24:00,19:40:00,16,7.91,22.7,38.3,12.99966,77.552648,13.030063,77.522317,16,16,0,0,1,0,0,0.12825324176108566,35.15,,13,0.04611422625033133,3.316685092076123,0.0,12.64222503160556,0.0,0.0,0.0,0.0
T00406,D28,V28,2026-08-05,10:11:00,10:22:00,11,8.66,16.7,25.6,12.962075,77.617602,12.908366,77.621275,11,9,0,0,0,2,2,0.14492381216601713,25.6,,9,0.10029341740857743,5.123846211587542,0.0,0.0,23.094688221709006,23.094688221709006,0.0,0.0
T00407,D28,V28,2026-08-01,12:58:00,13:16:00,18,8.96,17.1,25.1,12.991196,77.599749,13.049802,77.573813,18,16,0,0,0,0,2,0.06552138773777681,24.675,,12,0.03995530512949818,3.352661189736664,0.0,0.0,0.0,22.32142857142857,0.0,0.0
T00408,D28,V28,2026-08-04,14:21:00,14:38:00,17,10.35,27.3,36.0,12.9867,77.609964,13.054451,77.589084,17,16,0,0,0,0,0,0.07843028457537683,34.160000000000004,,15,0.028978464637436266,3.056550343115585,0.0,0.0,0.0,0.0,0.0,0.0
T00409,D28,V28,2026-08-04,16:33:00,17:04:00,31,12.2,23.2,34.8,12.962912,77.602591,12.957551,77.688376,31,30,0,0,0,0,2,0.09779085009275088,29.55,,30,0.03950858283481631,2.927915911729331,0.0,0.0,0.0,16.393442622950822,0.0,0.0
T00410,D28,V28,2026-08-05,18:26:00,18:53:00,27,11.1,25.1,32.7,12.987028,77.616107,13.047472,77.599112,27,25,0,0,0,0,0,0.08697149645697867,31.94,,25,0.030882897091266678,3.061584557055382,0.0,0.0,0.0,0.0,0.0,0.0
T00411,D28,V28,2026-07-31,09:43:00,10:16:00,33,24.8,17.3,25.7,12.991493,77.603902,13.019429,77.748752,33,31,0,0,0,1,1,0.07692325198693672,22.62,,26,0.042057128723577024,3.6021316395263563,0.0,0.0,4.032258064516129,4.032258064516129,0.0,0.0
T00412,D28,V28,2026-08-06,06:28:00,06:50:00,22,13.24,16.7,26.2,12.975031,77.58936,12.965462,77.503988,22,20,0,0,0,0,1,0.11994992440886869,24.804999999999996,,15,0.03351608050179525,2.9253888630402627,0.0,0.0,0.0,7.552870090634441,0.0,0.0
T00413,D28,V28,2026-08-04,14:54:00,15:25:00,31,19.8,25.7,42.1,12.979107,77.603094,12.919336,77.711629,31,25,0,0,0,1,0,0.11012475483931586,37.6,,20,0.030349247790554156,2.9768898247351885,0.0,0.0,5.05050505050505,0.0,0.0,0.0
T00414,D28,V28,2026-08-02,16:03:00,16:27:00,24,11.09,18.0,27.7,12.97339,77.605074,12.887715,77.602021,24,21,0,0,0,1,2,0.08893012510091913,27.304999999999996,,20,0.0517680656630119,3.0631948503856017,0.0,0.0,9.017132551848512,18.034265103697024,0.0,0.0
T00415,D28,V28,2026-08-03,21:38:00,22:19:00,41,14.43,26.9,39.6,12.971511,77.595552,12.926341,77.496338,41,39,0,0,0,1,2,0.0951139404627963,33.3,,37,0.044221380839056475,3.355711548986295,0.0,0.0,6.93000693000693,13.86001386001386,0.0,0.0
T00416,D28,V28,2026-08-03,11:59:00,12:38:00,39,19.51,19.6,27.1,12.979658,77.592662,13.112242,77.549621,39,38,0,0,1,1,3,0.10768584511636622,26.919999999999998,,34,0.05037618462730557,3.1708906538014068,0.0,5.125576627370579,5.125576627370579,15.376729882111736,0.0,0.0
T00417,D28,V28,2026-08-04,07:30:00,07:57:00,27,15.05,20.7,28.2,12.97509,77.614379,12.904937,77.67373,27,26,0,0,0,1,3,0.09755805704942706,26.21,,26,0.0394009445582667,3.293948648032219,0.0,0.0,6.644518272425248,19.93355481727575,0.0,0.0
T00418,D28,V28,2026-08-01,13:05:00,13:31:00,26,16.94,31.9,40.6,12.981186,77.596788,13.057902,77.51409,26,25,0,0,0,0,1,0.06992399580913294,38.45,,16,0.03928879458680036,2.9105911071239827,0.0,0.0,0.0,5.903187721369539,0.0,0.0
T00419,D28,V28,2026-08-02,21:20:00,21:41:00,21,10.49,21.0,28.1,12.980933,77.593884,13.017581,77.538147,21,21,0,0,0,2,1,0.09027745009958592,27.8,,21,0.03870738654987595,3.0300825071274873,0.0,0.0,19.065776930409914,9.532888465204957,0.0,0.0
T00420,D28,V28,2026-08-04,14:13:00,14:45:00,32,15.13,22.1,31.8,12.97248,77.610726,12.872427,77.659121,32,32,0,0,1,0,1,0.09152961097036239,29.59,,30,0.040675436134450134,3.7063083041046125,0.0,6.609385327164572,0.0,6.609385327164572,0.0,0.0
T00421,D29,V29,2026-08-03,17:45:00,18:18:00,33,21.52,26.1,47.0,12.775412,77.767446,12.721876,77.649649,33,32,1,0,0,1,1,0.06401261047800176,33.94,,30,0.047576032369804434,3.4380049663497796,4.646840148698885,0.0,4.646840148698885,4.646840148698885,0.0,0.03125
T00422,D29,V29,2026-07-31,15:14:00,15:36:00,22,16.01,28.7,42.0,12.774861,77.7715,12.842538,77.734672,22,22,0,0,0,1,0,0.07691966797545056,38.545,,17,0.01814044915527341,4.029205877092904,0.0,0.0,6.246096189881324,0.0,0.0,0.0
T00423,D29,V29,2026-08-06,16:41:00,17:24:00,43,19.83,31.5,40.8,12.77956,77.785248,12.772916,77.906892,43,43,0,0,0,0,0,0.06465323002495516,37.8,,34,0.032807188369367045,2.8650468980098798,0.0,0.0,0.0,0.0,0.0,0.0
T00424,D29,V09,2026-08-06,09:03:00,09:30:00,27,16.85,27.2,38.7,12.767802,77.78015,12.727706,77.875253,27,25,0,0,0,1,0,0.08865565824603809,37.32,,19,0.028122658122334252,2.550019607767752,0.0,0.0,5.9347181008902075,0.0,0.0,0.0
T00425,D29,V29,2026-07-31,12:16:00,13:01:00,45,23.09,32.2,42.8,12.771686,77.785781,12.634253,77.815769,45,44,1,0,2,1,0,0.08705425341840366,38.839999999999996,,28,0.0305256653399347,2.7656642572466854,4.330879168471199,8.661758336942398,4.330879168471199,0.0,0.0,0.022727272727272728
T00426,D29,V29,2026-08-03,16:49:00,17:23:00,34,21.91,31.0,44.6,12.775559,77.774023,12.643195,77.829177,34,32,1,0,0,1,1,0.0727032168348271,39.17,,17,0.03561801712806657,2.769927796892908,4.564125969876769,0.0,4.564125969876769,4.564125969876769,0.0,0.03125
T00427,D29,V19,2026-08-05,11:11:00,11:47:00,36,18.57,25.2,34.4,12.777463,77.769557,12.788366,77.870261,36,32,0,0,0,1,1,0.0783840772593366,33.125,,32,0.047777158425779814,2.72955923459433,0.0,0.0,5.385029617662897,5.385029617662897,0.0,0.0
T00428,D29,V28,2026-08-04,11:15:00,11:40:00,25,10.07,29.3,44.9,12.77829,77.760764,12.792203,77.696815,25,21,1,0,0,1,2,0.07836017871710563,38.46,,13,0.04293206561406305,3.544869532154886,9.930486593843098,0.0,9.930486593843098,19.860973187686195,0.0,0.047619047619047616
T00429,D29,V29,2026-08-04,08:49:00,09:02:00,13,5.45,27.5,34.6,12.766352,77.777454,12.738927,77.776597,13,12,0,0,1,0,0,0.14457354039758447,33.94,,12,0.03328036272189339,3.2151376803351766,0.0,18.348623853211006,0.0,0.0,0.0,0.0
T00430,D29,V14,2026-08-03,13:42:00,14:02:00,20,8.65,26.4,36.4,12.776644,77.777737,12.731062,77.813721,20,19,0,0,0,1,0,0.0884674371276211,35.73500000000001,,15,0.02404936892643684,3.129169218818311,0.0,0.0,11.560693641618498,0.0,0.0,0.0
T00431,D29,V23,2026-08-05,07:10:00,07:32:00,22,17.16,31.7,40.0,12.783329,77.759288,12.801956,77.661973,22,21,0,0,0,1,0,0.09067675382499168,39.254999999999995,,15,0.03324522035408839,2.7816901337136746,0.0,0.0,5.827505827505827,0.0,0.0,0.0
T00432,D29,V10,2026-08-05,17:53:00,18:09:00,16,11.87,18.4,28.4,12.779255,77.768375,12.826127,77.714302,16,15,0,0,0,1,2,0.07563627401283679,27.125,,14,0.04083047482864027,3.438918327657246,0.0,0.0,8.424599831508003,16.849199663016005,0.0,0.0
T00433,D29,V29,2026-08-03,21:53:00,22:32:00,39,14.96,19.3,30.3,12.774841,77.772384,12.726948,77.691747,39,35,0,0,3,0,1,0.12387173894168217,28.830000000000002,,32,0.042367796615232864,2.708176413980013,0.0,20.053475935828878,0.0,6.684491978609625,0.0,0.0
T00434,D29,V29,2026-08-01,16:11:00,16:37:00,26,11.06,23.6,29.3,12.77066,77.771536,12.742511,77.836356,26,25,0,0,1,0,1,0.07929238669751333,29.15,,24,0.0342183316660511,3.1592254611993003,0.0,9.041591320072333,0.0,9.041591320072333,0.0,0.0
T00435,D29,V02,2026-08-06,16:05:00,16:46:00,41,16.92,17.9,24.3,12.77799,77.778695,12.819301,77.650672,41,39,0,0,1,1,12,0.11470710506360532,23.7,,35,0.1164667313963271,3.1769639595059935,0.0,5.910165484633569,5.910165484633569,70.92198581560282,0.0,0.0
T00436,D30,V30,2026-08-01,11:56:00,12:11:00,15,8.08,18.8,27.6,12.922303,77.668572,12.921376,77.714357,15,13,0,0,0,2,0,0.07462680195294334,27.18,,11,0.028255734671797803,2.9895819105687673,0.0,0.0,24.752475247524753,0.0,0.0,0.0
T00437,D30,V30,2026-08-02,16:16:00,16:47:00,31,16.49,25.2,58.0,12.921261,77.662979,13.012948,77.659906,31,26,1,1,0,2,0,0.07444639006620167,41.0,,17,0.02687194906161366,3.1129728556477967,6.064281382656156,0.0,12.128562765312312,0.0,6.064281382656156,0.038461538461538464
T00438,D30,V30,2026-08-04,18:08:00,18:51:00,43,27.75,19.5,35.7,12.930259,77.681654,13.0596,77.796441,43,40,0,0,2,4,1,0.13371138418810832,31.589999999999996,,30,0.060206070571492215,2.9872733525224637,0.0,7.207207207207207,14.414414414414415,3.6036036036036037,0.0,0.0
T00439,D30,V30,2026-07-31,17:46:00,18:25:00,39,15.57,24.0,40.0,12.933603,77.666913,12.956256,77.562294,39,37,0,0,2,0,1,0.09176923141631335,39.24,,25,0.05688768501742844,3.3439796650099414,0.0,12.845215157353884,0.0,6.422607578676942,0.0,0.0
T00440,D30,V30,2026-08-05,13:12:00,13:55:00,43,17.79,17.8,35.1,12.957678,77.664906,13.05473,77.615595,43,38,0,0,0,4,0,0.08380608254363972,32.739999999999995,,26,0.03285297092639364,3.737140472054465,0.0,0.0,22.484541877459247,0.0,0.0,0.0
T00441,D30,V30,2026-08-03,07:26:00,08:05:00,39,16.95,14.3,35.1,12.923088,77.665358,12.944053,77.542769,39,33,0,0,0,0,0,0.0731560845456842,27.900000000000006,,15,0.03632801444241471,3.7074789277890714,0.0,0.0,0.0,0.0,0.0,0.0
T00442,D30,V30,2026-08-05,15:39:00,16:20:00,41,15.1,27.1,41.6,12.920325,77.665661,12.981023,77.586211,41,40,0,0,3,3,0,0.1027068044328136,39.0,,31,0.02600807185131846,2.8973953820630003,0.0,19.867549668874172,19.867549668874172,0.0,0.0,0.0
T00443,D30,V30,2026-08-03,09:19:00,09:44:00,25,15.35,27.0,51.3,12.92022,77.659555,12.826158,77.668955,25,23,2,0,1,0,0,0.07704380079830811,42.26,,17,0.02585669119102383,2.9284296132910557,13.029315960912053,6.514657980456026,0.0,0.0,0.0,0.08695652173913043
T00444,D30,V30,2026-07-31,14:51:00,15:20:00,29,18.85,18.4,40.9,12.928386,77.663628,13.018813,77.615563,29,25,0,0,0,0,1,0.08272928840175772,36.55999999999998,,18,0.02846689967619697,2.6209251196077368,0.0,0.0,0.0,5.305039787798408,0.0,0.0
T00445,D30,V06,2026-07-31,20:03:00,20:48:00,45,24.13,20.8,40.6,12.920808,77.675944,13.063709,77.667318,45,41,0,0,3,2,0,0.13238135523956682,36.83999999999999,,33,0.03290113277001553,3.2470602088658596,0.0,12.432656444260259,8.288437629506838,0.0,0.0,0.0
T00446,D30,V30,2026-07-31,13:17:00,13:46:00,29,17.61,28.2,42.0,12.944424,77.661888,12.995643,77.611661,29,28,0,0,2,1,0,0.11698012562199195,40.379999999999995,,21,0.05224891965375193,3.0420059171540084,0.0,11.357183418512209,5.6785917092561045,0.0,0.0,0.0
T00447,D30,V30,2026-08-05,11:49:00,12:05:00,16,6.7,25.7,47.2,12.918405,77.66857,12.901703,77.63642,16,13,1,0,1,0,0,0.10401176991171962,43.6,,9,0.05618040197463766,3.0173166887153227,14.925373134328357,14.925373134328357,0.0,0.0,0.0,0.07692307692307693
T00448,D30,V30,2026-08-03,09:07:00,09:32:00,25,9.63,28.8,43.0,12.928082,77.665198,12.937894,77.723659,25,25,1,0,1,0,1,0.0919910142372072,41.239999999999995,,19,0.07360657602559906,3.775539696520221,10.384215991692626,10.384215991692626,0.0,10.384215991692626,0.0,0.04
T00449,D30,V30,2026-08-04,12:54:00,13:26:00,32,19.35,18.0,33.6,12.945981,77.661878,13.049111,77.63956,32,29,0,0,0,0,0,0.06276156650364034,32.3,,21,0.02893425406687165,2.413420808727728,0.0,0.0,0.0,0.0,0.0,0.0
T00450,D30,V09,2026-07-31,07:25:00,07:47:00,22,10.57,21.9,42.5,12.922957,77.669683,12.963377,77.729188,22,16,1,0,0,1,0,0.10049917661735984,39.07999999999999,,14,0.021705447323847105,3.6225108367904397,9.46073793755913,0.0,9.46073793755913,0.0,0.0,0.0625
